id,user_id,sku_id,sku_name,sku_num,dt
30922,23,1,小米10 至尊纪念版 双模5G 骁龙865 120HZ高刷新率 120倍长焦镜头 120W快充 8GB+128GB 陶瓷黑 游戏手机,1,2020-06-14
30926,40,30,CAREMiLLE珂曼奶油小方口红 雾面滋润保湿持久丝缎唇膏 M02干玫瑰,3,2020-06-14
30933,43,23,十月稻田 辽河长粒香 东北大米 5kg,3,2020-06-14
30939,64,8,Apple iPhone 12 (A2404) 64GB 黑色 支持移动联通电信5G 双卡双待手机,4,2020-06-14
30940,64,24,金沙河面条 原味银丝挂面 龙须面 方便速食拉面 清汤面 900g,3,2020-06-14
30942,69,27,索芙特i-Softto 口红不掉色唇膏保湿滋润 璀璨金钻哑光唇膏 Z02少女红 活力青春 璀璨金钻哑光唇膏 ,3,2020-06-14
30945,86,27,索芙特i-Softto 口红不掉色唇膏保湿滋润 璀璨金钻哑光唇膏 Z02少女红 活力青春 璀璨金钻哑光唇膏 ,5,2020-06-14
30948,86,26,索芙特i-Softto 口红不掉色唇膏保湿滋润 璀璨金钻哑光唇膏 Y01复古红 百搭气质 璀璨金钻哑光唇膏 ,2,2020-06-14
30949,86,7,Redmi 10X 4G Helio G85游戏芯 4800万超清四摄 5020mAh大电量 小孔全面屏 128GB大存储 8GB+128GB 明月灰 游戏智能手机 小米 红米,2,2020-06-14
30950,86,29,CAREMiLLE珂曼奶油小方口红 雾面滋润保湿持久丝缎唇膏 M01醉蔷薇,6,2020-06-14
30962,116,7,Redmi 10X 4G Helio G85游戏芯 4800万超清四摄 5020mAh大电量 小孔全面屏 128GB大存储 8GB+128GB 明月灰 游戏智能手机 小米 红米,2,2020-06-14
30963,122,24,金沙河面条 原味银丝挂面 龙须面 方便速食拉面 清汤面 900g,3,2020-06-14
30965,122,3,小米10 至尊纪念版 双模5G 骁龙865 120HZ高刷新率 120倍长焦镜头 120W快充 8GB+128GB 透明版 游戏手机,2,2020-06-14
30982,163,22,十月稻田 长粒香大米 东北大米 东北香米 5kg,3,2020-06-14
30984,163,32,香奈儿（Chanel）女士香水5号香水 粉邂逅柔情淡香水EDT 5号淡香水35ml,2,2020-06-14
30985,163,1,小米10 至尊纪念版 双模5G 骁龙865 120HZ高刷新率 120倍长焦镜头 120W快充 8GB+128GB 陶瓷黑 游戏手机,3,2020-06-14
31001,21,15,华为 HUAWEI P40 麒麟990 5G SoC芯片 5000万超感知徕卡三摄 30倍数字变焦 8GB+128GB冰霜银全网通5G手机,3,2020-06-14
31003,42,20,小米电视E65X 65英寸 全面屏 4K超高清HDR 蓝牙遥控内置小爱 2+8GB AI人工智能液晶网络平板电视 L65M5-EA,2,2020-06-14
31004,42,6,Redmi 10X 4G Helio G85游戏芯 4800万超清四摄 5020mAh大电量 小孔全面屏 128GB大存储 8GB+128GB 冰雾白 游戏智能手机 小米 红米,3,2020-06-14
31005,42,5,Redmi 10X 4G Helio G85游戏芯 4800万超清四摄 5020mAh大电量 小孔全面屏 128GB大存储 4GB+128GB 明月灰 游戏智能手机 小米 红米,2,2020-06-14
31006,42,34,华为智慧屏V55i-J 55英寸 HEGE-550B 4K全面屏智能电视机 多方视频通话 AI升降摄像头 银钻灰 京品家电,2,2020-06-14
31010,52,13,华为 HUAWEI P40 麒麟990 5G SoC芯片 5000万超感知徕卡三摄 30倍数字变焦 6GB+128GB亮黑色全网通5G手机,1,2020-06-14
31011,52,31,CAREMiLLE珂曼奶油小方口红 雾面滋润保湿持久丝缎唇膏 M03赤茶,3,2020-06-14
31014,53,12,Apple iPhone 12 (A2404) 128GB 黑色 支持移动联通电信5G 双卡双待手机,2,2020-06-14
31016,56,10,Apple iPhone 12 (A2404) 64GB 蓝色 支持移动联通电信5G 双卡双待手机,3,2020-06-14
31019,59,28,索芙特i-Softto 口红不掉色唇膏保湿滋润 璀璨金钻哑光唇膏 Z03女王红 性感冷艳 璀璨金钻哑光唇膏 ,1,2020-06-14
31022,59,10,Apple iPhone 12 (A2404) 64GB 蓝色 支持移动联通电信5G 双卡双待手机,1,2020-06-14
31024,59,34,华为智慧屏V55i-J 55英寸 HEGE-550B 4K全面屏智能电视机 多方视频通话 AI升降摄像头 银钻灰 京品家电,2,2020-06-14
31025,59,12,Apple iPhone 12 (A2404) 128GB 黑色 支持移动联通电信5G 双卡双待手机,2,2020-06-14
31027,69,7,Redmi 10X 4G Helio G85游戏芯 4800万超清四摄 5020mAh大电量 小孔全面屏 128GB大存储 8GB+128GB 明月灰 游戏智能手机 小米 红米,2,2020-06-14
31036,71,12,Apple iPhone 12 (A2404) 128GB 黑色 支持移动联通电信5G 双卡双待手机,2,2020-06-14
31039,86,2,小米10 至尊纪念版 双模5G 骁龙865 120HZ高刷新率 120倍长焦镜头 120W快充 12GB+256GB 陶瓷黑 游戏手机,3,2020-06-14
31040,86,17,TCL 65Q10 65英寸 QLED原色量子点电视 安桥音响 AI声控智慧屏 超薄全面屏 MEMC防抖 3+32GB 平板电视,2,2020-06-14
31041,86,24,金沙河面条 原味银丝挂面 龙须面 方便速食拉面 清汤面 900g,3,2020-06-14
31043,91,34,华为智慧屏V55i-J 55英寸 HEGE-550B 4K全面屏智能电视机 多方视频通话 AI升降摄像头 银钻灰 京品家电,3,2020-06-14
31045,92,30,CAREMiLLE珂曼奶油小方口红 雾面滋润保湿持久丝缎唇膏 M02干玫瑰,2,2020-06-14
31047,113,7,Redmi 10X 4G Helio G85游戏芯 4800万超清四摄 5020mAh大电量 小孔全面屏 128GB大存储 8GB+128GB 明月灰 游戏智能手机 小米 红米,2,2020-06-14
31049,142,3,小米10 至尊纪念版 双模5G 骁龙865 120HZ高刷新率 120倍长焦镜头 120W快充 8GB+128GB 透明版 游戏手机,1,2020-06-14
31050,142,2,小米10 至尊纪念版 双模5G 骁龙865 120HZ高刷新率 120倍长焦镜头 120W快充 12GB+256GB 陶瓷黑 游戏手机,2,2020-06-14
31051,142,17,TCL 65Q10 65英寸 QLED原色量子点电视 安桥音响 AI声控智慧屏 超薄全面屏 MEMC防抖 3+32GB 平板电视,3,2020-06-14
31052,142,11,Apple iPhone 12 (A2404) 64GB 白色 支持移动联通电信5G 双卡双待手机,1,2020-06-14
31053,142,5,Redmi 10X 4G Helio G85游戏芯 4800万超清四摄 5020mAh大电量 小孔全面屏 128GB大存储 4GB+128GB 明月灰 游戏智能手机 小米 红米,1,2020-06-14
31054,142,12,Apple iPhone 12 (A2404) 128GB 黑色 支持移动联通电信5G 双卡双待手机,3,2020-06-14
31056,155,25,金沙河面条 银丝挂面900g*3包 爽滑 细面条 龙须面 速食面,1,2020-06-14
31057,155,17,TCL 65Q10 65英寸 QLED原色量子点电视 安桥音响 AI声控智慧屏 超薄全面屏 MEMC防抖 3+32GB 平板电视,2,2020-06-14
31059,179,6,Redmi 10X 4G Helio G85游戏芯 4800万超清四摄 5020mAh大电量 小孔全面屏 128GB大存储 8GB+128GB 冰雾白 游戏智能手机 小米 红米,2,2020-06-14
31069,199,20,小米电视E65X 65英寸 全面屏 4K超高清HDR 蓝牙遥控内置小爱 2+8GB AI人工智能液晶网络平板电视 L65M5-EA,2,2020-06-14
31071,199,29,CAREMiLLE珂曼奶油小方口红 雾面滋润保湿持久丝缎唇膏 M01醉蔷薇,2,2020-06-14
31076,207,32,香奈儿（Chanel）女士香水5号香水 粉邂逅柔情淡香水EDT 5号淡香水35ml,3,2020-06-14
31078,207,29,CAREMiLLE珂曼奶油小方口红 雾面滋润保湿持久丝缎唇膏 M01醉蔷薇,3,2020-06-14
31079,207,4,Redmi 10X 4G Helio G85游戏芯 4800万超清四摄 5020mAh大电量 小孔全面屏 128GB大存储 4GB+128GB 冰雾白 游戏智能手机 小米 红米,3,2020-06-14
31081,215,14,华为 HUAWEI P40 麒麟990 5G SoC芯片 5000万超感知徕卡三摄 30倍数字变焦 6GB+128GB冰霜银全网通5G手机,2,2020-06-14
31084,215,11,Apple iPhone 12 (A2404) 64GB 白色 支持移动联通电信5G 双卡双待手机,3,2020-06-14
31085,215,21,小米电视4A 70英寸 4K超高清 HDR 二级能效 2GB+16GB L70M5-4A 内置小爱 智能网络液晶平板教育电视,2,2020-06-14
31090,271,11,Apple iPhone 12 (A2404) 64GB 白色 支持移动联通电信5G 双卡双待手机,2,2020-06-14
31092,282,6,Redmi 10X 4G Helio G85游戏芯 4800万超清四摄 5020mAh大电量 小孔全面屏 128GB大存储 8GB+128GB 冰雾白 游戏智能手机 小米 红米,2,2020-06-14
31095,293,2,小米10 至尊纪念版 双模5G 骁龙865 120HZ高刷新率 120倍长焦镜头 120W快充 12GB+256GB 陶瓷黑 游戏手机,1,2020-06-14
31096,293,30,CAREMiLLE珂曼奶油小方口红 雾面滋润保湿持久丝缎唇膏 M02干玫瑰,3,2020-06-14
31097,293,1,小米10 至尊纪念版 双模5G 骁龙865 120HZ高刷新率 120倍长焦镜头 120W快充 8GB+128GB 陶瓷黑 游戏手机,3,2020-06-14
31098,293,9,Apple iPhone 12 (A2404) 64GB 红色 支持移动联通电信5G 双卡双待手机,1,2020-06-14
31099,293,19,TCL 85Q6 85英寸 巨幕私人影院电视 4K超高清 AI智慧屏 全景全面屏 MEMC运动防抖 2+16GB 液晶平板电视机,1,2020-06-14
31100,317,34,华为智慧屏V55i-J 55英寸 HEGE-550B 4K全面屏智能电视机 多方视频通话 AI升降摄像头 银钻灰 京品家电,3,2020-06-14
31102,317,23,十月稻田 辽河长粒香 东北大米 5kg,1,2020-06-14
31104,343,29,CAREMiLLE珂曼奶油小方口红 雾面滋润保湿持久丝缎唇膏 M01醉蔷薇,3,2020-06-14
31117,363,16,华为 HUAWEI P40 麒麟990 5G SoC芯片 5000万超感知徕卡三摄 30倍数字变焦 8GB+128GB亮黑色全网通5G手机,1,2020-06-14
31119,363,18,TCL 75Q10 75英寸 QLED原色量子点电视 安桥音响 AI声控智慧屏 超薄全面屏 MEMC防抖 3+32GB 平板电视,3,2020-06-14
31122,363,7,Redmi 10X 4G Helio G85游戏芯 4800万超清四摄 5020mAh大电量 小孔全面屏 128GB大存储 8GB+128GB 明月灰 游戏智能手机 小米 红米,2,2020-06-14
31123,388,28,索芙特i-Softto 口红不掉色唇膏保湿滋润 璀璨金钻哑光唇膏 Z03女王红 性感冷艳 璀璨金钻哑光唇膏 ,6,2020-06-14
31124,388,17,TCL 65Q10 65英寸 QLED原色量子点电视 安桥音响 AI声控智慧屏 超薄全面屏 MEMC防抖 3+32GB 平板电视,1,2020-06-14
31125,388,5,Redmi 10X 4G Helio G85游戏芯 4800万超清四摄 5020mAh大电量 小孔全面屏 128GB大存储 4GB+128GB 明月灰 游戏智能手机 小米 红米,2,2020-06-14
31127,389,4,Redmi 10X 4G Helio G85游戏芯 4800万超清四摄 5020mAh大电量 小孔全面屏 128GB大存储 4GB+128GB 冰雾白 游戏智能手机 小米 红米,3,2020-06-14
31135,10,17,TCL 65Q10 65英寸 QLED原色量子点电视 安桥音响 AI声控智慧屏 超薄全面屏 MEMC防抖 3+32GB 平板电视,1,2020-06-14
31148,26,24,金沙河面条 原味银丝挂面 龙须面 方便速食拉面 清汤面 900g,1,2020-06-14
31154,30,19,TCL 85Q6 85英寸 巨幕私人影院电视 4K超高清 AI智慧屏 全景全面屏 MEMC运动防抖 2+16GB 液晶平板电视机,2,2020-06-14
31155,40,34,华为智慧屏V55i-J 55英寸 HEGE-550B 4K全面屏智能电视机 多方视频通话 AI升降摄像头 银钻灰 京品家电,4,2020-06-14
31156,40,5,Redmi 10X 4G Helio G85游戏芯 4800万超清四摄 5020mAh大电量 小孔全面屏 128GB大存储 4GB+128GB 明月灰 游戏智能手机 小米 红米,2,2020-06-14
31157,62,32,香奈儿（Chanel）女士香水5号香水 粉邂逅柔情淡香水EDT 5号淡香水35ml,1,2020-06-14
31158,62,22,十月稻田 长粒香大米 东北大米 东北香米 5kg,2,2020-06-14
31159,62,5,Redmi 10X 4G Helio G85游戏芯 4800万超清四摄 5020mAh大电量 小孔全面屏 128GB大存储 4GB+128GB 明月灰 游戏智能手机 小米 红米,2,2020-06-14
31160,62,13,华为 HUAWEI P40 麒麟990 5G SoC芯片 5000万超感知徕卡三摄 30倍数字变焦 6GB+128GB亮黑色全网通5G手机,1,2020-06-14
31161,62,7,Redmi 10X 4G Helio G85游戏芯 4800万超清四摄 5020mAh大电量 小孔全面屏 128GB大存储 8GB+128GB 明月灰 游戏智能手机 小米 红米,2,2020-06-14
31163,72,29,CAREMiLLE珂曼奶油小方口红 雾面滋润保湿持久丝缎唇膏 M01醉蔷薇,1,2020-06-14
31166,74,3,小米10 至尊纪念版 双模5G 骁龙865 120HZ高刷新率 120倍长焦镜头 120W快充 8GB+128GB 透明版 游戏手机,3,2020-06-14
31167,74,1,小米10 至尊纪念版 双模5G 骁龙865 120HZ高刷新率 120倍长焦镜头 120W快充 8GB+128GB 陶瓷黑 游戏手机,2,2020-06-14
31168,80,30,CAREMiLLE珂曼奶油小方口红 雾面滋润保湿持久丝缎唇膏 M02干玫瑰,3,2020-06-14
31169,80,16,华为 HUAWEI P40 麒麟990 5G SoC芯片 5000万超感知徕卡三摄 30倍数字变焦 8GB+128GB亮黑色全网通5G手机,2,2020-06-14
31170,80,11,Apple iPhone 12 (A2404) 64GB 白色 支持移动联通电信5G 双卡双待手机,3,2020-06-14
31171,80,17,TCL 65Q10 65英寸 QLED原色量子点电视 安桥音响 AI声控智慧屏 超薄全面屏 MEMC防抖 3+32GB 平板电视,3,2020-06-14
31172,84,28,索芙特i-Softto 口红不掉色唇膏保湿滋润 璀璨金钻哑光唇膏 Z03女王红 性感冷艳 璀璨金钻哑光唇膏 ,2,2020-06-14
31174,98,25,金沙河面条 银丝挂面900g*3包 爽滑 细面条 龙须面 速食面,2,2020-06-14
31176,98,19,TCL 85Q6 85英寸 巨幕私人影院电视 4K超高清 AI智慧屏 全景全面屏 MEMC运动防抖 2+16GB 液晶平板电视机,2,2020-06-14
31179,98,31,CAREMiLLE珂曼奶油小方口红 雾面滋润保湿持久丝缎唇膏 M03赤茶,2,2020-06-14
31182,103,23,十月稻田 辽河长粒香 东北大米 5kg,2,2020-06-14
31184,144,35,华为智慧屏V65i 65英寸 HEGE-560B 4K全面屏智能电视机 多方视频通话 AI升降摄像头 4GB+32GB 星际黑,1,2020-06-14
31189,150,33,香奈儿（Chanel）女士香水5号香水 粉邂逅柔情淡香水EDT 粉邂逅淡香水35ml,3,2020-06-14
31191,151,20,小米电视E65X 65英寸 全面屏 4K超高清HDR 蓝牙遥控内置小爱 2+8GB AI人工智能液晶网络平板电视 L65M5-EA,3,2020-06-14
31192,151,18,TCL 75Q10 75英寸 QLED原色量子点电视 安桥音响 AI声控智慧屏 超薄全面屏 MEMC防抖 3+32GB 平板电视,3,2020-06-14
31194,156,3,小米10 至尊纪念版 双模5G 骁龙865 120HZ高刷新率 120倍长焦镜头 120W快充 8GB+128GB 透明版 游戏手机,3,2020-06-14
31195,156,21,小米电视4A 70英寸 4K超高清 HDR 二级能效 2GB+16GB L70M5-4A 内置小爱 智能网络液晶平板教育电视,1,2020-06-14
31196,156,16,华为 HUAWEI P40 麒麟990 5G SoC芯片 5000万超感知徕卡三摄 30倍数字变焦 8GB+128GB亮黑色全网通5G手机,3,2020-06-14
31198,180,26,索芙特i-Softto 口红不掉色唇膏保湿滋润 璀璨金钻哑光唇膏 Y01复古红 百搭气质 璀璨金钻哑光唇膏 ,1,2020-06-14
31202,183,2,小米10 至尊纪念版 双模5G 骁龙865 120HZ高刷新率 120倍长焦镜头 120W快充 12GB+256GB 陶瓷黑 游戏手机,1,2020-06-14
31203,183,22,十月稻田 长粒香大米 东北大米 东北香米 5kg,3,2020-06-14
31204,183,6,Redmi 10X 4G Helio G85游戏芯 4800万超清四摄 5020mAh大电量 小孔全面屏 128GB大存储 8GB+128GB 冰雾白 游戏智能手机 小米 红米,3,2020-06-14
31205,186,15,华为 HUAWEI P40 麒麟990 5G SoC芯片 5000万超感知徕卡三摄 30倍数字变焦 8GB+128GB冰霜银全网通5G手机,3,2020-06-14
31206,186,21,小米电视4A 70英寸 4K超高清 HDR 二级能效 2GB+16GB L70M5-4A 内置小爱 智能网络液晶平板教育电视,3,2020-06-14
31207,186,10,Apple iPhone 12 (A2404) 64GB 蓝色 支持移动联通电信5G 双卡双待手机,2,2020-06-14
31208,186,24,金沙河面条 原味银丝挂面 龙须面 方便速食拉面 清汤面 900g,3,2020-06-14
31209,186,23,十月稻田 辽河长粒香 东北大米 5kg,2,2020-06-14
31210,186,1,小米10 至尊纪念版 双模5G 骁龙865 120HZ高刷新率 120倍长焦镜头 120W快充 8GB+128GB 陶瓷黑 游戏手机,2,2020-06-14
31211,186,35,华为智慧屏V65i 65英寸 HEGE-560B 4K全面屏智能电视机 多方视频通话 AI升降摄像头 4GB+32GB 星际黑,3,2020-06-14
31212,186,13,华为 HUAWEI P40 麒麟990 5G SoC芯片 5000万超感知徕卡三摄 30倍数字变焦 6GB+128GB亮黑色全网通5G手机,3,2020-06-14
31215,197,12,Apple iPhone 12 (A2404) 128GB 黑色 支持移动联通电信5G 双卡双待手机,4,2020-06-14
31218,213,8,Apple iPhone 12 (A2404) 64GB 黑色 支持移动联通电信5G 双卡双待手机,3,2020-06-14
31219,213,18,TCL 75Q10 75英寸 QLED原色量子点电视 安桥音响 AI声控智慧屏 超薄全面屏 MEMC防抖 3+32GB 平板电视,2,2020-06-14
31220,219,14,华为 HUAWEI P40 麒麟990 5G SoC芯片 5000万超感知徕卡三摄 30倍数字变焦 6GB+128GB冰霜银全网通5G手机,1,2020-06-14
31221,219,5,Redmi 10X 4G Helio G85游戏芯 4800万超清四摄 5020mAh大电量 小孔全面屏 128GB大存储 4GB+128GB 明月灰 游戏智能手机 小米 红米,1,2020-06-14
31222,219,10,Apple iPhone 12 (A2404) 64GB 蓝色 支持移动联通电信5G 双卡双待手机,3,2020-06-14
31228,233,16,华为 HUAWEI P40 麒麟990 5G SoC芯片 5000万超感知徕卡三摄 30倍数字变焦 8GB+128GB亮黑色全网通5G手机,2,2020-06-14
31230,242,9,Apple iPhone 12 (A2404) 64GB 红色 支持移动联通电信5G 双卡双待手机,6,2020-06-14
31234,284,14,华为 HUAWEI P40 麒麟990 5G SoC芯片 5000万超感知徕卡三摄 30倍数字变焦 6GB+128GB冰霜银全网通5G手机,4,2020-06-14
31236,293,33,香奈儿（Chanel）女士香水5号香水 粉邂逅柔情淡香水EDT 粉邂逅淡香水35ml,3,2020-06-14
31237,293,23,十月稻田 辽河长粒香 东北大米 5kg,2,2020-06-14
31238,293,26,索芙特i-Softto 口红不掉色唇膏保湿滋润 璀璨金钻哑光唇膏 Y01复古红 百搭气质 璀璨金钻哑光唇膏 ,1,2020-06-14
31239,293,31,CAREMiLLE珂曼奶油小方口红 雾面滋润保湿持久丝缎唇膏 M03赤茶,2,2020-06-14
31240,293,32,香奈儿（Chanel）女士香水5号香水 粉邂逅柔情淡香水EDT 5号淡香水35ml,1,2020-06-14
31241,293,22,十月稻田 长粒香大米 东北大米 东北香米 5kg,2,2020-06-14
31244,309,6,Redmi 10X 4G Helio G85游戏芯 4800万超清四摄 5020mAh大电量 小孔全面屏 128GB大存储 8GB+128GB 冰雾白 游戏智能手机 小米 红米,3,2020-06-14
31245,309,32,香奈儿（Chanel）女士香水5号香水 粉邂逅柔情淡香水EDT 5号淡香水35ml,2,2020-06-14
31249,331,28,索芙特i-Softto 口红不掉色唇膏保湿滋润 璀璨金钻哑光唇膏 Z03女王红 性感冷艳 璀璨金钻哑光唇膏 ,2,2020-06-14
31250,331,10,Apple iPhone 12 (A2404) 64GB 蓝色 支持移动联通电信5G 双卡双待手机,2,2020-06-14
31251,331,29,CAREMiLLE珂曼奶油小方口红 雾面滋润保湿持久丝缎唇膏 M01醉蔷薇,3,2020-06-14
31252,331,6,Redmi 10X 4G Helio G85游戏芯 4800万超清四摄 5020mAh大电量 小孔全面屏 128GB大存储 8GB+128GB 冰雾白 游戏智能手机 小米 红米,1,2020-06-14
31254,355,1,小米10 至尊纪念版 双模5G 骁龙865 120HZ高刷新率 120倍长焦镜头 120W快充 8GB+128GB 陶瓷黑 游戏手机,2,2020-06-14
31258,355,6,Redmi 10X 4G Helio G85游戏芯 4800万超清四摄 5020mAh大电量 小孔全面屏 128GB大存储 8GB+128GB 冰雾白 游戏智能手机 小米 红米,2,2020-06-14
31259,369,13,华为 HUAWEI P40 麒麟990 5G SoC芯片 5000万超感知徕卡三摄 30倍数字变焦 6GB+128GB亮黑色全网通5G手机,2,2020-06-14
31260,369,32,香奈儿（Chanel）女士香水5号香水 粉邂逅柔情淡香水EDT 5号淡香水35ml,1,2020-06-14
31261,369,24,金沙河面条 原味银丝挂面 龙须面 方便速食拉面 清汤面 900g,2,2020-06-14
31263,369,27,索芙特i-Softto 口红不掉色唇膏保湿滋润 璀璨金钻哑光唇膏 Z02少女红 活力青春 璀璨金钻哑光唇膏 ,3,2020-06-14
31264,369,26,索芙特i-Softto 口红不掉色唇膏保湿滋润 璀璨金钻哑光唇膏 Y01复古红 百搭气质 璀璨金钻哑光唇膏 ,1,2020-06-14
31267,371,28,索芙特i-Softto 口红不掉色唇膏保湿滋润 璀璨金钻哑光唇膏 Z03女王红 性感冷艳 璀璨金钻哑光唇膏 ,1,2020-06-14
31270,386,22,十月稻田 长粒香大米 东北大米 东北香米 5kg,3,2020-06-14
31274,386,18,TCL 75Q10 75英寸 QLED原色量子点电视 安桥音响 AI声控智慧屏 超薄全面屏 MEMC防抖 3+32GB 平板电视,1,2020-06-14
31275,388,1,小米10 至尊纪念版 双模5G 骁龙865 120HZ高刷新率 120倍长焦镜头 120W快充 8GB+128GB 陶瓷黑 游戏手机,3,2020-06-14
31276,388,27,索芙特i-Softto 口红不掉色唇膏保湿滋润 璀璨金钻哑光唇膏 Z02少女红 活力青春 璀璨金钻哑光唇膏 ,3,2020-06-14
31277,388,8,Apple iPhone 12 (A2404) 64GB 黑色 支持移动联通电信5G 双卡双待手机,2,2020-06-14
31278,388,15,华为 HUAWEI P40 麒麟990 5G SoC芯片 5000万超感知徕卡三摄 30倍数字变焦 8GB+128GB冰霜银全网通5G手机,3,2020-06-14
31279,388,4,Redmi 10X 4G Helio G85游戏芯 4800万超清四摄 5020mAh大电量 小孔全面屏 128GB大存储 4GB+128GB 冰雾白 游戏智能手机 小米 红米,1,2020-06-14
31280,394,26,索芙特i-Softto 口红不掉色唇膏保湿滋润 璀璨金钻哑光唇膏 Y01复古红 百搭气质 璀璨金钻哑光唇膏 ,2,2020-06-14
31281,394,17,TCL 65Q10 65英寸 QLED原色量子点电视 安桥音响 AI声控智慧屏 超薄全面屏 MEMC防抖 3+32GB 平板电视,1,2020-06-14
31282,394,16,华为 HUAWEI P40 麒麟990 5G SoC芯片 5000万超感知徕卡三摄 30倍数字变焦 8GB+128GB亮黑色全网通5G手机,2,2020-06-14
31283,394,31,CAREMiLLE珂曼奶油小方口红 雾面滋润保湿持久丝缎唇膏 M03赤茶,2,2020-06-14
31284,394,13,华为 HUAWEI P40 麒麟990 5G SoC芯片 5000万超感知徕卡三摄 30倍数字变焦 6GB+128GB亮黑色全网通5G手机,2,2020-06-14
31285,401,20,小米电视E65X 65英寸 全面屏 4K超高清HDR 蓝牙遥控内置小爱 2+8GB AI人工智能液晶网络平板电视 L65M5-EA,2,2020-06-14
31286,401,27,索芙特i-Softto 口红不掉色唇膏保湿滋润 璀璨金钻哑光唇膏 Z02少女红 活力青春 璀璨金钻哑光唇膏 ,1,2020-06-14
31289,410,14,华为 HUAWEI P40 麒麟990 5G SoC芯片 5000万超感知徕卡三摄 30倍数字变焦 6GB+128GB冰霜银全网通5G手机,2,2020-06-14
31290,410,16,华为 HUAWEI P40 麒麟990 5G SoC芯片 5000万超感知徕卡三摄 30倍数字变焦 8GB+128GB亮黑色全网通5G手机,2,2020-06-14
31291,410,35,华为智慧屏V65i 65英寸 HEGE-560B 4K全面屏智能电视机 多方视频通话 AI升降摄像头 4GB+32GB 星际黑,1,2020-06-14
31292,410,25,金沙河面条 银丝挂面900g*3包 爽滑 细面条 龙须面 速食面,2,2020-06-14
31293,410,21,小米电视4A 70英寸 4K超高清 HDR 二级能效 2GB+16GB L70M5-4A 内置小爱 智能网络液晶平板教育电视,3,2020-06-14
31294,422,12,Apple iPhone 12 (A2404) 128GB 黑色 支持移动联通电信5G 双卡双待手机,3,2020-06-14
31295,422,20,小米电视E65X 65英寸 全面屏 4K超高清HDR 蓝牙遥控内置小爱 2+8GB AI人工智能液晶网络平板电视 L65M5-EA,2,2020-06-14
31296,422,4,Redmi 10X 4G Helio G85游戏芯 4800万超清四摄 5020mAh大电量 小孔全面屏 128GB大存储 4GB+128GB 冰雾白 游戏智能手机 小米 红米,1,2020-06-14
31297,422,28,索芙特i-Softto 口红不掉色唇膏保湿滋润 璀璨金钻哑光唇膏 Z03女王红 性感冷艳 璀璨金钻哑光唇膏 ,2,2020-06-14
31298,422,16,华为 HUAWEI P40 麒麟990 5G SoC芯片 5000万超感知徕卡三摄 30倍数字变焦 8GB+128GB亮黑色全网通5G手机,1,2020-06-14
31299,422,15,华为 HUAWEI P40 麒麟990 5G SoC芯片 5000万超感知徕卡三摄 30倍数字变焦 8GB+128GB冰霜银全网通5G手机,3,2020-06-14
31300,422,14,华为 HUAWEI P40 麒麟990 5G SoC芯片 5000万超感知徕卡三摄 30倍数字变焦 6GB+128GB冰霜银全网通5G手机,3,2020-06-14
31301,422,29,CAREMiLLE珂曼奶油小方口红 雾面滋润保湿持久丝缎唇膏 M01醉蔷薇,1,2020-06-14
31302,429,7,Redmi 10X 4G Helio G85游戏芯 4800万超清四摄 5020mAh大电量 小孔全面屏 128GB大存储 8GB+128GB 明月灰 游戏智能手机 小米 红米,2,2020-06-14
31305,429,13,华为 HUAWEI P40 麒麟990 5G SoC芯片 5000万超感知徕卡三摄 30倍数字变焦 6GB+128GB亮黑色全网通5G手机,3,2020-06-14
31308,434,28,索芙特i-Softto 口红不掉色唇膏保湿滋润 璀璨金钻哑光唇膏 Z03女王红 性感冷艳 璀璨金钻哑光唇膏 ,3,2020-06-14
31309,434,10,Apple iPhone 12 (A2404) 64GB 蓝色 支持移动联通电信5G 双卡双待手机,2,2020-06-14
31310,434,17,TCL 65Q10 65英寸 QLED原色量子点电视 安桥音响 AI声控智慧屏 超薄全面屏 MEMC防抖 3+32GB 平板电视,1,2020-06-14
31311,434,18,TCL 75Q10 75英寸 QLED原色量子点电视 安桥音响 AI声控智慧屏 超薄全面屏 MEMC防抖 3+32GB 平板电视,2,2020-06-14
31312,434,32,香奈儿（Chanel）女士香水5号香水 粉邂逅柔情淡香水EDT 5号淡香水35ml,2,2020-06-14
31313,437,25,金沙河面条 银丝挂面900g*3包 爽滑 细面条 龙须面 速食面,3,2020-06-14
31316,441,24,金沙河面条 原味银丝挂面 龙须面 方便速食拉面 清汤面 900g,3,2020-06-14
31318,441,23,十月稻田 辽河长粒香 东北大米 5kg,3,2020-06-14
31319,441,25,金沙河面条 银丝挂面900g*3包 爽滑 细面条 龙须面 速食面,2,2020-06-14
31320,441,22,十月稻田 长粒香大米 东北大米 东北香米 5kg,2,2020-06-14
31321,441,12,Apple iPhone 12 (A2404) 128GB 黑色 支持移动联通电信5G 双卡双待手机,3,2020-06-14
31322,441,21,小米电视4A 70英寸 4K超高清 HDR 二级能效 2GB+16GB L70M5-4A 内置小爱 智能网络液晶平板教育电视,2,2020-06-14
31323,441,29,CAREMiLLE珂曼奶油小方口红 雾面滋润保湿持久丝缎唇膏 M01醉蔷薇,3,2020-06-14
31324,444,31,CAREMiLLE珂曼奶油小方口红 雾面滋润保湿持久丝缎唇膏 M03赤茶,3,2020-06-14
31327,444,6,Redmi 10X 4G Helio G85游戏芯 4800万超清四摄 5020mAh大电量 小孔全面屏 128GB大存储 8GB+128GB 冰雾白 游戏智能手机 小米 红米,1,2020-06-14
31330,444,5,Redmi 10X 4G Helio G85游戏芯 4800万超清四摄 5020mAh大电量 小孔全面屏 128GB大存储 4GB+128GB 明月灰 游戏智能手机 小米 红米,5,2020-06-14
31334,451,22,十月稻田 长粒香大米 东北大米 东北香米 5kg,1,2020-06-14
31342,469,8,Apple iPhone 12 (A2404) 64GB 黑色 支持移动联通电信5G 双卡双待手机,3,2020-06-14
31346,493,1,小米10 至尊纪念版 双模5G 骁龙865 120HZ高刷新率 120倍长焦镜头 120W快充 8GB+128GB 陶瓷黑 游戏手机,2,2020-06-14
31347,493,11,Apple iPhone 12 (A2404) 64GB 白色 支持移动联通电信5G 双卡双待手机,3,2020-06-14
31348,493,13,华为 HUAWEI P40 麒麟990 5G SoC芯片 5000万超感知徕卡三摄 30倍数字变焦 6GB+128GB亮黑色全网通5G手机,3,2020-06-14
31349,499,6,Redmi 10X 4G Helio G85游戏芯 4800万超清四摄 5020mAh大电量 小孔全面屏 128GB大存储 8GB+128GB 冰雾白 游戏智能手机 小米 红米,3,2020-06-14
31350,499,28,索芙特i-Softto 口红不掉色唇膏保湿滋润 璀璨金钻哑光唇膏 Z03女王红 性感冷艳 璀璨金钻哑光唇膏 ,3,2020-06-14
31351,499,9,Apple iPhone 12 (A2404) 64GB 红色 支持移动联通电信5G 双卡双待手机,1,2020-06-14
31352,499,1,小米10 至尊纪念版 双模5G 骁龙865 120HZ高刷新率 120倍长焦镜头 120W快充 8GB+128GB 陶瓷黑 游戏手机,1,2020-06-14
31353,500,1,小米10 至尊纪念版 双模5G 骁龙865 120HZ高刷新率 120倍长焦镜头 120W快充 8GB+128GB 陶瓷黑 游戏手机,1,2020-06-14
31354,500,32,香奈儿（Chanel）女士香水5号香水 粉邂逅柔情淡香水EDT 5号淡香水35ml,3,2020-06-14
31355,500,30,CAREMiLLE珂曼奶油小方口红 雾面滋润保湿持久丝缎唇膏 M02干玫瑰,3,2020-06-14
31361,510,31,CAREMiLLE珂曼奶油小方口红 雾面滋润保湿持久丝缎唇膏 M03赤茶,1,2020-06-14
31362,510,33,香奈儿（Chanel）女士香水5号香水 粉邂逅柔情淡香水EDT 粉邂逅淡香水35ml,1,2020-06-14
31363,510,35,华为智慧屏V65i 65英寸 HEGE-560B 4K全面屏智能电视机 多方视频通话 AI升降摄像头 4GB+32GB 星际黑,2,2020-06-14
31364,510,25,金沙河面条 银丝挂面900g*3包 爽滑 细面条 龙须面 速食面,1,2020-06-14
31365,515,32,香奈儿（Chanel）女士香水5号香水 粉邂逅柔情淡香水EDT 5号淡香水35ml,3,2020-06-14
31366,515,31,CAREMiLLE珂曼奶油小方口红 雾面滋润保湿持久丝缎唇膏 M03赤茶,1,2020-06-14
31367,515,15,华为 HUAWEI P40 麒麟990 5G SoC芯片 5000万超感知徕卡三摄 30倍数字变焦 8GB+128GB冰霜银全网通5G手机,1,2020-06-14
31368,515,17,TCL 65Q10 65英寸 QLED原色量子点电视 安桥音响 AI声控智慧屏 超薄全面屏 MEMC防抖 3+32GB 平板电视,3,2020-06-14
31369,517,3,小米10 至尊纪念版 双模5G 骁龙865 120HZ高刷新率 120倍长焦镜头 120W快充 8GB+128GB 透明版 游戏手机,1,2020-06-14
31370,517,20,小米电视E65X 65英寸 全面屏 4K超高清HDR 蓝牙遥控内置小爱 2+8GB AI人工智能液晶网络平板电视 L65M5-EA,1,2020-06-14
31371,521,8,Apple iPhone 12 (A2404) 64GB 黑色 支持移动联通电信5G 双卡双待手机,1,2020-06-14
31372,521,29,CAREMiLLE珂曼奶油小方口红 雾面滋润保湿持久丝缎唇膏 M01醉蔷薇,2,2020-06-14
31375,521,27,索芙特i-Softto 口红不掉色唇膏保湿滋润 璀璨金钻哑光唇膏 Z02少女红 活力青春 璀璨金钻哑光唇膏 ,3,2020-06-14
31376,521,3,小米10 至尊纪念版 双模5G 骁龙865 120HZ高刷新率 120倍长焦镜头 120W快充 8GB+128GB 透明版 游戏手机,2,2020-06-14
31378,534,11,Apple iPhone 12 (A2404) 64GB 白色 支持移动联通电信5G 双卡双待手机,2,2020-06-14
31382,534,18,TCL 75Q10 75英寸 QLED原色量子点电视 安桥音响 AI声控智慧屏 超薄全面屏 MEMC防抖 3+32GB 平板电视,3,2020-06-14
31387,561,28,索芙特i-Softto 口红不掉色唇膏保湿滋润 璀璨金钻哑光唇膏 Z03女王红 性感冷艳 璀璨金钻哑光唇膏 ,3,2020-06-14
31389,567,34,华为智慧屏V55i-J 55英寸 HEGE-550B 4K全面屏智能电视机 多方视频通话 AI升降摄像头 银钻灰 京品家电,1,2020-06-14
31390,567,1,小米10 至尊纪念版 双模5G 骁龙865 120HZ高刷新率 120倍长焦镜头 120W快充 8GB+128GB 陶瓷黑 游戏手机,1,2020-06-14
31391,567,12,Apple iPhone 12 (A2404) 128GB 黑色 支持移动联通电信5G 双卡双待手机,1,2020-06-14
31392,567,28,索芙特i-Softto 口红不掉色唇膏保湿滋润 璀璨金钻哑光唇膏 Z03女王红 性感冷艳 璀璨金钻哑光唇膏 ,1,2020-06-14
31393,567,4,Redmi 10X 4G Helio G85游戏芯 4800万超清四摄 5020mAh大电量 小孔全面屏 128GB大存储 4GB+128GB 冰雾白 游戏智能手机 小米 红米,3,2020-06-14
31398,584,32,香奈儿（Chanel）女士香水5号香水 粉邂逅柔情淡香水EDT 5号淡香水35ml,3,2020-06-14
31399,584,28,索芙特i-Softto 口红不掉色唇膏保湿滋润 璀璨金钻哑光唇膏 Z03女王红 性感冷艳 璀璨金钻哑光唇膏 ,2,2020-06-14
31400,584,30,CAREMiLLE珂曼奶油小方口红 雾面滋润保湿持久丝缎唇膏 M02干玫瑰,1,2020-06-14
31401,597,1,小米10 至尊纪念版 双模5G 骁龙865 120HZ高刷新率 120倍长焦镜头 120W快充 8GB+128GB 陶瓷黑 游戏手机,2,2020-06-14
31403,598,1,小米10 至尊纪念版 双模5G 骁龙865 120HZ高刷新率 120倍长焦镜头 120W快充 8GB+128GB 陶瓷黑 游戏手机,3,2020-06-14
31410,9,4,Redmi 10X 4G Helio G85游戏芯 4800万超清四摄 5020mAh大电量 小孔全面屏 128GB大存储 4GB+128GB 冰雾白 游戏智能手机 小米 红米,3,2020-06-14
31413,9,24,金沙河面条 原味银丝挂面 龙须面 方便速食拉面 清汤面 900g,3,2020-06-14
31415,11,16,华为 HUAWEI P40 麒麟990 5G SoC芯片 5000万超感知徕卡三摄 30倍数字变焦 8GB+128GB亮黑色全网通5G手机,2,2020-06-14
31416,11,28,索芙特i-Softto 口红不掉色唇膏保湿滋润 璀璨金钻哑光唇膏 Z03女王红 性感冷艳 璀璨金钻哑光唇膏 ,2,2020-06-14
31417,11,6,Redmi 10X 4G Helio G85游戏芯 4800万超清四摄 5020mAh大电量 小孔全面屏 128GB大存储 8GB+128GB 冰雾白 游戏智能手机 小米 红米,1,2020-06-14
31420,13,5,Redmi 10X 4G Helio G85游戏芯 4800万超清四摄 5020mAh大电量 小孔全面屏 128GB大存储 4GB+128GB 明月灰 游戏智能手机 小米 红米,3,2020-06-14
31423,21,25,金沙河面条 银丝挂面900g*3包 爽滑 细面条 龙须面 速食面,3,2020-06-14
31425,21,4,Redmi 10X 4G Helio G85游戏芯 4800万超清四摄 5020mAh大电量 小孔全面屏 128GB大存储 4GB+128GB 冰雾白 游戏智能手机 小米 红米,1,2020-06-14
31429,22,1,小米10 至尊纪念版 双模5G 骁龙865 120HZ高刷新率 120倍长焦镜头 120W快充 8GB+128GB 陶瓷黑 游戏手机,2,2020-06-14
31430,22,4,Redmi 10X 4G Helio G85游戏芯 4800万超清四摄 5020mAh大电量 小孔全面屏 128GB大存储 4GB+128GB 冰雾白 游戏智能手机 小米 红米,1,2020-06-14
31433,22,22,十月稻田 长粒香大米 东北大米 东北香米 5kg,3,2020-06-14
31439,26,4,Redmi 10X 4G Helio G85游戏芯 4800万超清四摄 5020mAh大电量 小孔全面屏 128GB大存储 4GB+128GB 冰雾白 游戏智能手机 小米 红米,1,2020-06-14
31440,26,26,索芙特i-Softto 口红不掉色唇膏保湿滋润 璀璨金钻哑光唇膏 Y01复古红 百搭气质 璀璨金钻哑光唇膏 ,3,2020-06-14
31441,26,23,十月稻田 辽河长粒香 东北大米 5kg,1,2020-06-14
31442,26,32,香奈儿（Chanel）女士香水5号香水 粉邂逅柔情淡香水EDT 5号淡香水35ml,1,2020-06-14
31448,44,7,Redmi 10X 4G Helio G85游戏芯 4800万超清四摄 5020mAh大电量 小孔全面屏 128GB大存储 8GB+128GB 明月灰 游戏智能手机 小米 红米,1,2020-06-14
31449,44,32,香奈儿（Chanel）女士香水5号香水 粉邂逅柔情淡香水EDT 5号淡香水35ml,1,2020-06-14
31451,44,28,索芙特i-Softto 口红不掉色唇膏保湿滋润 璀璨金钻哑光唇膏 Z03女王红 性感冷艳 璀璨金钻哑光唇膏 ,1,2020-06-14
31452,44,33,香奈儿（Chanel）女士香水5号香水 粉邂逅柔情淡香水EDT 粉邂逅淡香水35ml,1,2020-06-14
31455,67,33,香奈儿（Chanel）女士香水5号香水 粉邂逅柔情淡香水EDT 粉邂逅淡香水35ml,1,2020-06-14
31456,67,2,小米10 至尊纪念版 双模5G 骁龙865 120HZ高刷新率 120倍长焦镜头 120W快充 12GB+256GB 陶瓷黑 游戏手机,2,2020-06-14
31457,67,25,金沙河面条 银丝挂面900g*3包 爽滑 细面条 龙须面 速食面,3,2020-06-14
31459,69,19,TCL 85Q6 85英寸 巨幕私人影院电视 4K超高清 AI智慧屏 全景全面屏 MEMC运动防抖 2+16GB 液晶平板电视机,3,2020-06-14
31461,85,31,CAREMiLLE珂曼奶油小方口红 雾面滋润保湿持久丝缎唇膏 M03赤茶,1,2020-06-14
31462,85,27,索芙特i-Softto 口红不掉色唇膏保湿滋润 璀璨金钻哑光唇膏 Z02少女红 活力青春 璀璨金钻哑光唇膏 ,1,2020-06-14
31463,85,11,Apple iPhone 12 (A2404) 64GB 白色 支持移动联通电信5G 双卡双待手机,3,2020-06-14
31464,89,35,华为智慧屏V65i 65英寸 HEGE-560B 4K全面屏智能电视机 多方视频通话 AI升降摄像头 4GB+32GB 星际黑,1,2020-06-14
31465,89,33,香奈儿（Chanel）女士香水5号香水 粉邂逅柔情淡香水EDT 粉邂逅淡香水35ml,3,2020-06-14
31466,89,24,金沙河面条 原味银丝挂面 龙须面 方便速食拉面 清汤面 900g,2,2020-06-14
31467,89,8,Apple iPhone 12 (A2404) 64GB 黑色 支持移动联通电信5G 双卡双待手机,1,2020-06-14
31474,125,9,Apple iPhone 12 (A2404) 64GB 红色 支持移动联通电信5G 双卡双待手机,3,2020-06-14
31475,130,34,华为智慧屏V55i-J 55英寸 HEGE-550B 4K全面屏智能电视机 多方视频通话 AI升降摄像头 银钻灰 京品家电,3,2020-06-14
31477,133,6,Redmi 10X 4G Helio G85游戏芯 4800万超清四摄 5020mAh大电量 小孔全面屏 128GB大存储 8GB+128GB 冰雾白 游戏智能手机 小米 红米,1,2020-06-14
31478,133,9,Apple iPhone 12 (A2404) 64GB 红色 支持移动联通电信5G 双卡双待手机,1,2020-06-14
31479,133,2,小米10 至尊纪念版 双模5G 骁龙865 120HZ高刷新率 120倍长焦镜头 120W快充 12GB+256GB 陶瓷黑 游戏手机,1,2020-06-14
31480,151,11,Apple iPhone 12 (A2404) 64GB 白色 支持移动联通电信5G 双卡双待手机,3,2020-06-14
31481,151,7,Redmi 10X 4G Helio G85游戏芯 4800万超清四摄 5020mAh大电量 小孔全面屏 128GB大存储 8GB+128GB 明月灰 游戏智能手机 小米 红米,1,2020-06-14
31482,151,5,Redmi 10X 4G Helio G85游戏芯 4800万超清四摄 5020mAh大电量 小孔全面屏 128GB大存储 4GB+128GB 明月灰 游戏智能手机 小米 红米,1,2020-06-14
31485,167,32,香奈儿（Chanel）女士香水5号香水 粉邂逅柔情淡香水EDT 5号淡香水35ml,3,2020-06-14
31486,167,17,TCL 65Q10 65英寸 QLED原色量子点电视 安桥音响 AI声控智慧屏 超薄全面屏 MEMC防抖 3+32GB 平板电视,1,2020-06-14
31487,167,5,Redmi 10X 4G Helio G85游戏芯 4800万超清四摄 5020mAh大电量 小孔全面屏 128GB大存储 4GB+128GB 明月灰 游戏智能手机 小米 红米,3,2020-06-14
31490,169,22,十月稻田 长粒香大米 东北大米 东北香米 5kg,1,2020-06-14
31491,169,21,小米电视4A 70英寸 4K超高清 HDR 二级能效 2GB+16GB L70M5-4A 内置小爱 智能网络液晶平板教育电视,1,2020-06-14
31492,169,15,华为 HUAWEI P40 麒麟990 5G SoC芯片 5000万超感知徕卡三摄 30倍数字变焦 8GB+128GB冰霜银全网通5G手机,3,2020-06-14
31493,169,14,华为 HUAWEI P40 麒麟990 5G SoC芯片 5000万超感知徕卡三摄 30倍数字变焦 6GB+128GB冰霜银全网通5G手机,3,2020-06-14
31495,186,2,小米10 至尊纪念版 双模5G 骁龙865 120HZ高刷新率 120倍长焦镜头 120W快充 12GB+256GB 陶瓷黑 游戏手机,2,2020-06-14
31496,186,3,小米10 至尊纪念版 双模5G 骁龙865 120HZ高刷新率 120倍长焦镜头 120W快充 8GB+128GB 透明版 游戏手机,1,2020-06-14
31497,186,14,华为 HUAWEI P40 麒麟990 5G SoC芯片 5000万超感知徕卡三摄 30倍数字变焦 6GB+128GB冰霜银全网通5G手机,3,2020-06-14
31498,186,26,索芙特i-Softto 口红不掉色唇膏保湿滋润 璀璨金钻哑光唇膏 Y01复古红 百搭气质 璀璨金钻哑光唇膏 ,1,2020-06-14
31500,201,10,Apple iPhone 12 (A2404) 64GB 蓝色 支持移动联通电信5G 双卡双待手机,1,2020-06-14
31502,210,30,CAREMiLLE珂曼奶油小方口红 雾面滋润保湿持久丝缎唇膏 M02干玫瑰,3,2020-06-14
31503,242,35,华为智慧屏V65i 65英寸 HEGE-560B 4K全面屏智能电视机 多方视频通话 AI升降摄像头 4GB+32GB 星际黑,1,2020-06-14
31504,242,5,Redmi 10X 4G Helio G85游戏芯 4800万超清四摄 5020mAh大电量 小孔全面屏 128GB大存储 4GB+128GB 明月灰 游戏智能手机 小米 红米,2,2020-06-14
31506,242,27,索芙特i-Softto 口红不掉色唇膏保湿滋润 璀璨金钻哑光唇膏 Z02少女红 活力青春 璀璨金钻哑光唇膏 ,3,2020-06-14
31508,262,27,索芙特i-Softto 口红不掉色唇膏保湿滋润 璀璨金钻哑光唇膏 Z02少女红 活力青春 璀璨金钻哑光唇膏 ,4,2020-06-14
31509,262,21,小米电视4A 70英寸 4K超高清 HDR 二级能效 2GB+16GB L70M5-4A 内置小爱 智能网络液晶平板教育电视,2,2020-06-14
31510,262,33,香奈儿（Chanel）女士香水5号香水 粉邂逅柔情淡香水EDT 粉邂逅淡香水35ml,1,2020-06-14
31511,262,24,金沙河面条 原味银丝挂面 龙须面 方便速食拉面 清汤面 900g,2,2020-06-14
31512,262,5,Redmi 10X 4G Helio G85游戏芯 4800万超清四摄 5020mAh大电量 小孔全面屏 128GB大存储 4GB+128GB 明月灰 游戏智能手机 小米 红米,3,2020-06-14
31513,262,32,香奈儿（Chanel）女士香水5号香水 粉邂逅柔情淡香水EDT 5号淡香水35ml,2,2020-06-14
31514,262,25,金沙河面条 银丝挂面900g*3包 爽滑 细面条 龙须面 速食面,1,2020-06-14
31515,270,4,Redmi 10X 4G Helio G85游戏芯 4800万超清四摄 5020mAh大电量 小孔全面屏 128GB大存储 4GB+128GB 冰雾白 游戏智能手机 小米 红米,1,2020-06-14
31516,270,9,Apple iPhone 12 (A2404) 64GB 红色 支持移动联通电信5G 双卡双待手机,3,2020-06-14
31517,270,30,CAREMiLLE珂曼奶油小方口红 雾面滋润保湿持久丝缎唇膏 M02干玫瑰,2,2020-06-14
31518,270,27,索芙特i-Softto 口红不掉色唇膏保湿滋润 璀璨金钻哑光唇膏 Z02少女红 活力青春 璀璨金钻哑光唇膏 ,2,2020-06-14
31519,270,1,小米10 至尊纪念版 双模5G 骁龙865 120HZ高刷新率 120倍长焦镜头 120W快充 8GB+128GB 陶瓷黑 游戏手机,2,2020-06-14
31520,281,12,Apple iPhone 12 (A2404) 128GB 黑色 支持移动联通电信5G 双卡双待手机,1,2020-06-14
31521,281,6,Redmi 10X 4G Helio G85游戏芯 4800万超清四摄 5020mAh大电量 小孔全面屏 128GB大存储 8GB+128GB 冰雾白 游戏智能手机 小米 红米,2,2020-06-14
31522,281,4,Redmi 10X 4G Helio G85游戏芯 4800万超清四摄 5020mAh大电量 小孔全面屏 128GB大存储 4GB+128GB 冰雾白 游戏智能手机 小米 红米,2,2020-06-14
31523,309,27,索芙特i-Softto 口红不掉色唇膏保湿滋润 璀璨金钻哑光唇膏 Z02少女红 活力青春 璀璨金钻哑光唇膏 ,2,2020-06-14
31525,309,8,Apple iPhone 12 (A2404) 64GB 黑色 支持移动联通电信5G 双卡双待手机,2,2020-06-14
31526,309,22,十月稻田 长粒香大米 东北大米 东北香米 5kg,3,2020-06-14
31531,313,2,小米10 至尊纪念版 双模5G 骁龙865 120HZ高刷新率 120倍长焦镜头 120W快充 12GB+256GB 陶瓷黑 游戏手机,3,2020-06-14
31532,313,6,Redmi 10X 4G Helio G85游戏芯 4800万超清四摄 5020mAh大电量 小孔全面屏 128GB大存储 8GB+128GB 冰雾白 游戏智能手机 小米 红米,1,2020-06-14
31535,318,15,华为 HUAWEI P40 麒麟990 5G SoC芯片 5000万超感知徕卡三摄 30倍数字变焦 8GB+128GB冰霜银全网通5G手机,1,2020-06-14
31537,318,16,华为 HUAWEI P40 麒麟990 5G SoC芯片 5000万超感知徕卡三摄 30倍数字变焦 8GB+128GB亮黑色全网通5G手机,2,2020-06-14
31539,323,10,Apple iPhone 12 (A2404) 64GB 蓝色 支持移动联通电信5G 双卡双待手机,1,2020-06-14
31540,326,3,小米10 至尊纪念版 双模5G 骁龙865 120HZ高刷新率 120倍长焦镜头 120W快充 8GB+128GB 透明版 游戏手机,2,2020-06-14
31541,326,25,金沙河面条 银丝挂面900g*3包 爽滑 细面条 龙须面 速食面,1,2020-06-14
31542,326,13,华为 HUAWEI P40 麒麟990 5G SoC芯片 5000万超感知徕卡三摄 30倍数字变焦 6GB+128GB亮黑色全网通5G手机,2,2020-06-14
31543,361,4,Redmi 10X 4G Helio G85游戏芯 4800万超清四摄 5020mAh大电量 小孔全面屏 128GB大存储 4GB+128GB 冰雾白 游戏智能手机 小米 红米,1,2020-06-14
31544,361,34,华为智慧屏V55i-J 55英寸 HEGE-550B 4K全面屏智能电视机 多方视频通话 AI升降摄像头 银钻灰 京品家电,3,2020-06-14
31545,361,13,华为 HUAWEI P40 麒麟990 5G SoC芯片 5000万超感知徕卡三摄 30倍数字变焦 6GB+128GB亮黑色全网通5G手机,2,2020-06-14
31546,361,16,华为 HUAWEI P40 麒麟990 5G SoC芯片 5000万超感知徕卡三摄 30倍数字变焦 8GB+128GB亮黑色全网通5G手机,3,2020-06-14
31547,361,17,TCL 65Q10 65英寸 QLED原色量子点电视 安桥音响 AI声控智慧屏 超薄全面屏 MEMC防抖 3+32GB 平板电视,3,2020-06-14
31548,361,23,十月稻田 辽河长粒香 东北大米 5kg,2,2020-06-14
31557,377,16,华为 HUAWEI P40 麒麟990 5G SoC芯片 5000万超感知徕卡三摄 30倍数字变焦 8GB+128GB亮黑色全网通5G手机,3,2020-06-14
31558,377,17,TCL 65Q10 65英寸 QLED原色量子点电视 安桥音响 AI声控智慧屏 超薄全面屏 MEMC防抖 3+32GB 平板电视,1,2020-06-14
31560,377,11,Apple iPhone 12 (A2404) 64GB 白色 支持移动联通电信5G 双卡双待手机,2,2020-06-14
31561,377,28,索芙特i-Softto 口红不掉色唇膏保湿滋润 璀璨金钻哑光唇膏 Z03女王红 性感冷艳 璀璨金钻哑光唇膏 ,2,2020-06-14
31563,381,2,小米10 至尊纪念版 双模5G 骁龙865 120HZ高刷新率 120倍长焦镜头 120W快充 12GB+256GB 陶瓷黑 游戏手机,3,2020-06-14
31564,381,9,Apple iPhone 12 (A2404) 64GB 红色 支持移动联通电信5G 双卡双待手机,1,2020-06-14
31568,389,5,Redmi 10X 4G Helio G85游戏芯 4800万超清四摄 5020mAh大电量 小孔全面屏 128GB大存储 4GB+128GB 明月灰 游戏智能手机 小米 红米,2,2020-06-14
31571,408,33,香奈儿（Chanel）女士香水5号香水 粉邂逅柔情淡香水EDT 粉邂逅淡香水35ml,3,2020-06-14
31572,414,16,华为 HUAWEI P40 麒麟990 5G SoC芯片 5000万超感知徕卡三摄 30倍数字变焦 8GB+128GB亮黑色全网通5G手机,2,2020-06-14
31573,414,12,Apple iPhone 12 (A2404) 128GB 黑色 支持移动联通电信5G 双卡双待手机,2,2020-06-14
31574,414,15,华为 HUAWEI P40 麒麟990 5G SoC芯片 5000万超感知徕卡三摄 30倍数字变焦 8GB+128GB冰霜银全网通5G手机,2,2020-06-14
31577,424,4,Redmi 10X 4G Helio G85游戏芯 4800万超清四摄 5020mAh大电量 小孔全面屏 128GB大存储 4GB+128GB 冰雾白 游戏智能手机 小米 红米,3,2020-06-14
31578,436,24,金沙河面条 原味银丝挂面 龙须面 方便速食拉面 清汤面 900g,2,2020-06-14
31579,436,23,十月稻田 辽河长粒香 东北大米 5kg,2,2020-06-14
31580,436,28,索芙特i-Softto 口红不掉色唇膏保湿滋润 璀璨金钻哑光唇膏 Z03女王红 性感冷艳 璀璨金钻哑光唇膏 ,3,2020-06-14
31581,436,4,Redmi 10X 4G Helio G85游戏芯 4800万超清四摄 5020mAh大电量 小孔全面屏 128GB大存储 4GB+128GB 冰雾白 游戏智能手机 小米 红米,1,2020-06-14
31582,436,34,华为智慧屏V55i-J 55英寸 HEGE-550B 4K全面屏智能电视机 多方视频通话 AI升降摄像头 银钻灰 京品家电,1,2020-06-14
31583,436,18,TCL 75Q10 75英寸 QLED原色量子点电视 安桥音响 AI声控智慧屏 超薄全面屏 MEMC防抖 3+32GB 平板电视,3,2020-06-14
31584,436,20,小米电视E65X 65英寸 全面屏 4K超高清HDR 蓝牙遥控内置小爱 2+8GB AI人工智能液晶网络平板电视 L65M5-EA,2,2020-06-14
31586,438,2,小米10 至尊纪念版 双模5G 骁龙865 120HZ高刷新率 120倍长焦镜头 120W快充 12GB+256GB 陶瓷黑 游戏手机,1,2020-06-14
31589,438,19,TCL 85Q6 85英寸 巨幕私人影院电视 4K超高清 AI智慧屏 全景全面屏 MEMC运动防抖 2+16GB 液晶平板电视机,3,2020-06-14
31596,459,23,十月稻田 辽河长粒香 东北大米 5kg,3,2020-06-14
31597,459,31,CAREMiLLE珂曼奶油小方口红 雾面滋润保湿持久丝缎唇膏 M03赤茶,1,2020-06-14
31598,459,16,华为 HUAWEI P40 麒麟990 5G SoC芯片 5000万超感知徕卡三摄 30倍数字变焦 8GB+128GB亮黑色全网通5G手机,3,2020-06-14
31599,469,12,Apple iPhone 12 (A2404) 128GB 黑色 支持移动联通电信5G 双卡双待手机,2,2020-06-14
31601,472,35,华为智慧屏V65i 65英寸 HEGE-560B 4K全面屏智能电视机 多方视频通话 AI升降摄像头 4GB+32GB 星际黑,5,2020-06-14
31602,472,21,小米电视4A 70英寸 4K超高清 HDR 二级能效 2GB+16GB L70M5-4A 内置小爱 智能网络液晶平板教育电视,3,2020-06-14
31603,472,10,Apple iPhone 12 (A2404) 64GB 蓝色 支持移动联通电信5G 双卡双待手机,3,2020-06-14
31604,472,7,Redmi 10X 4G Helio G85游戏芯 4800万超清四摄 5020mAh大电量 小孔全面屏 128GB大存储 8GB+128GB 明月灰 游戏智能手机 小米 红米,2,2020-06-14
31605,476,6,Redmi 10X 4G Helio G85游戏芯 4800万超清四摄 5020mAh大电量 小孔全面屏 128GB大存储 8GB+128GB 冰雾白 游戏智能手机 小米 红米,2,2020-06-14
31606,476,2,小米10 至尊纪念版 双模5G 骁龙865 120HZ高刷新率 120倍长焦镜头 120W快充 12GB+256GB 陶瓷黑 游戏手机,2,2020-06-14
31607,476,3,小米10 至尊纪念版 双模5G 骁龙865 120HZ高刷新率 120倍长焦镜头 120W快充 8GB+128GB 透明版 游戏手机,2,2020-06-14
31608,478,20,小米电视E65X 65英寸 全面屏 4K超高清HDR 蓝牙遥控内置小爱 2+8GB AI人工智能液晶网络平板电视 L65M5-EA,1,2020-06-14
31609,478,13,华为 HUAWEI P40 麒麟990 5G SoC芯片 5000万超感知徕卡三摄 30倍数字变焦 6GB+128GB亮黑色全网通5G手机,3,2020-06-14
31610,478,24,金沙河面条 原味银丝挂面 龙须面 方便速食拉面 清汤面 900g,1,2020-06-14
31611,478,2,小米10 至尊纪念版 双模5G 骁龙865 120HZ高刷新率 120倍长焦镜头 120W快充 12GB+256GB 陶瓷黑 游戏手机,2,2020-06-14
31612,478,1,小米10 至尊纪念版 双模5G 骁龙865 120HZ高刷新率 120倍长焦镜头 120W快充 8GB+128GB 陶瓷黑 游戏手机,3,2020-06-14
31613,478,25,金沙河面条 银丝挂面900g*3包 爽滑 细面条 龙须面 速食面,2,2020-06-14
31614,478,14,华为 HUAWEI P40 麒麟990 5G SoC芯片 5000万超感知徕卡三摄 30倍数字变焦 6GB+128GB冰霜银全网通5G手机,1,2020-06-14
31615,485,5,Redmi 10X 4G Helio G85游戏芯 4800万超清四摄 5020mAh大电量 小孔全面屏 128GB大存储 4GB+128GB 明月灰 游戏智能手机 小米 红米,3,2020-06-14
31616,485,19,TCL 85Q6 85英寸 巨幕私人影院电视 4K超高清 AI智慧屏 全景全面屏 MEMC运动防抖 2+16GB 液晶平板电视机,4,2020-06-14
31626,505,2,小米10 至尊纪念版 双模5G 骁龙865 120HZ高刷新率 120倍长焦镜头 120W快充 12GB+256GB 陶瓷黑 游戏手机,2,2020-06-14
31627,505,10,Apple iPhone 12 (A2404) 64GB 蓝色 支持移动联通电信5G 双卡双待手机,3,2020-06-14
31628,505,17,TCL 65Q10 65英寸 QLED原色量子点电视 安桥音响 AI声控智慧屏 超薄全面屏 MEMC防抖 3+32GB 平板电视,1,2020-06-14
31629,505,23,十月稻田 辽河长粒香 东北大米 5kg,3,2020-06-14
31630,505,6,Redmi 10X 4G Helio G85游戏芯 4800万超清四摄 5020mAh大电量 小孔全面屏 128GB大存储 8GB+128GB 冰雾白 游戏智能手机 小米 红米,2,2020-06-14
31631,505,1,小米10 至尊纪念版 双模5G 骁龙865 120HZ高刷新率 120倍长焦镜头 120W快充 8GB+128GB 陶瓷黑 游戏手机,2,2020-06-14
31632,505,20,小米电视E65X 65英寸 全面屏 4K超高清HDR 蓝牙遥控内置小爱 2+8GB AI人工智能液晶网络平板电视 L65M5-EA,3,2020-06-14
31633,505,35,华为智慧屏V65i 65英寸 HEGE-560B 4K全面屏智能电视机 多方视频通话 AI升降摄像头 4GB+32GB 星际黑,2,2020-06-14
31637,521,24,金沙河面条 原味银丝挂面 龙须面 方便速食拉面 清汤面 900g,1,2020-06-14
31640,521,32,香奈儿（Chanel）女士香水5号香水 粉邂逅柔情淡香水EDT 5号淡香水35ml,1,2020-06-14
31643,550,16,华为 HUAWEI P40 麒麟990 5G SoC芯片 5000万超感知徕卡三摄 30倍数字变焦 8GB+128GB亮黑色全网通5G手机,1,2020-06-14
31644,561,1,小米10 至尊纪念版 双模5G 骁龙865 120HZ高刷新率 120倍长焦镜头 120W快充 8GB+128GB 陶瓷黑 游戏手机,3,2020-06-14
31645,561,35,华为智慧屏V65i 65英寸 HEGE-560B 4K全面屏智能电视机 多方视频通话 AI升降摄像头 4GB+32GB 星际黑,1,2020-06-14
31646,561,17,TCL 65Q10 65英寸 QLED原色量子点电视 安桥音响 AI声控智慧屏 超薄全面屏 MEMC防抖 3+32GB 平板电视,1,2020-06-14
31647,561,30,CAREMiLLE珂曼奶油小方口红 雾面滋润保湿持久丝缎唇膏 M02干玫瑰,3,2020-06-14
31648,561,25,金沙河面条 银丝挂面900g*3包 爽滑 细面条 龙须面 速食面,1,2020-06-14
31651,571,30,CAREMiLLE珂曼奶油小方口红 雾面滋润保湿持久丝缎唇膏 M02干玫瑰,2,2020-06-14
31652,571,12,Apple iPhone 12 (A2404) 128GB 黑色 支持移动联通电信5G 双卡双待手机,3,2020-06-14
31653,577,34,华为智慧屏V55i-J 55英寸 HEGE-550B 4K全面屏智能电视机 多方视频通话 AI升降摄像头 银钻灰 京品家电,3,2020-06-14
31654,577,9,Apple iPhone 12 (A2404) 64GB 红色 支持移动联通电信5G 双卡双待手机,3,2020-06-14
31655,577,17,TCL 65Q10 65英寸 QLED原色量子点电视 安桥音响 AI声控智慧屏 超薄全面屏 MEMC防抖 3+32GB 平板电视,2,2020-06-14
31656,577,35,华为智慧屏V65i 65英寸 HEGE-560B 4K全面屏智能电视机 多方视频通话 AI升降摄像头 4GB+32GB 星际黑,3,2020-06-14
31657,577,10,Apple iPhone 12 (A2404) 64GB 蓝色 支持移动联通电信5G 双卡双待手机,3,2020-06-14
31658,577,31,CAREMiLLE珂曼奶油小方口红 雾面滋润保湿持久丝缎唇膏 M03赤茶,1,2020-06-14
31659,577,24,金沙河面条 原味银丝挂面 龙须面 方便速食拉面 清汤面 900g,3,2020-06-14
31660,578,10,Apple iPhone 12 (A2404) 64GB 蓝色 支持移动联通电信5G 双卡双待手机,2,2020-06-14
31662,578,34,华为智慧屏V55i-J 55英寸 HEGE-550B 4K全面屏智能电视机 多方视频通话 AI升降摄像头 银钻灰 京品家电,1,2020-06-14
31667,651,25,金沙河面条 银丝挂面900g*3包 爽滑 细面条 龙须面 速食面,3,2020-06-14
31668,651,35,华为智慧屏V65i 65英寸 HEGE-560B 4K全面屏智能电视机 多方视频通话 AI升降摄像头 4GB+32GB 星际黑,3,2020-06-14
31671,653,24,金沙河面条 原味银丝挂面 龙须面 方便速食拉面 清汤面 900g,3,2020-06-14
31674,653,15,华为 HUAWEI P40 麒麟990 5G SoC芯片 5000万超感知徕卡三摄 30倍数字变焦 8GB+128GB冰霜银全网通5G手机,1,2020-06-14
31678,666,13,华为 HUAWEI P40 麒麟990 5G SoC芯片 5000万超感知徕卡三摄 30倍数字变焦 6GB+128GB亮黑色全网通5G手机,2,2020-06-14
31679,678,17,TCL 65Q10 65英寸 QLED原色量子点电视 安桥音响 AI声控智慧屏 超薄全面屏 MEMC防抖 3+32GB 平板电视,1,2020-06-14
31680,678,23,十月稻田 辽河长粒香 东北大米 5kg,1,2020-06-14
31682,692,10,Apple iPhone 12 (A2404) 64GB 蓝色 支持移动联通电信5G 双卡双待手机,2,2020-06-14
31683,692,15,华为 HUAWEI P40 麒麟990 5G SoC芯片 5000万超感知徕卡三摄 30倍数字变焦 8GB+128GB冰霜银全网通5G手机,1,2020-06-14
31684,700,3,小米10 至尊纪念版 双模5G 骁龙865 120HZ高刷新率 120倍长焦镜头 120W快充 8GB+128GB 透明版 游戏手机,2,2020-06-14
31685,700,15,华为 HUAWEI P40 麒麟990 5G SoC芯片 5000万超感知徕卡三摄 30倍数字变焦 8GB+128GB冰霜银全网通5G手机,3,2020-06-14
31686,700,9,Apple iPhone 12 (A2404) 64GB 红色 支持移动联通电信5G 双卡双待手机,3,2020-06-14
31687,700,7,Redmi 10X 4G Helio G85游戏芯 4800万超清四摄 5020mAh大电量 小孔全面屏 128GB大存储 8GB+128GB 明月灰 游戏智能手机 小米 红米,2,2020-06-14
31688,700,32,香奈儿（Chanel）女士香水5号香水 粉邂逅柔情淡香水EDT 5号淡香水35ml,2,2020-06-14
31689,709,2,小米10 至尊纪念版 双模5G 骁龙865 120HZ高刷新率 120倍长焦镜头 120W快充 12GB+256GB 陶瓷黑 游戏手机,3,2020-06-14
31691,723,1,小米10 至尊纪念版 双模5G 骁龙865 120HZ高刷新率 120倍长焦镜头 120W快充 8GB+128GB 陶瓷黑 游戏手机,1,2020-06-14
31692,723,10,Apple iPhone 12 (A2404) 64GB 蓝色 支持移动联通电信5G 双卡双待手机,3,2020-06-14
31693,723,35,华为智慧屏V65i 65英寸 HEGE-560B 4K全面屏智能电视机 多方视频通话 AI升降摄像头 4GB+32GB 星际黑,2,2020-06-14
31694,723,21,小米电视4A 70英寸 4K超高清 HDR 二级能效 2GB+16GB L70M5-4A 内置小爱 智能网络液晶平板教育电视,2,2020-06-14
31698,730,26,索芙特i-Softto 口红不掉色唇膏保湿滋润 璀璨金钻哑光唇膏 Y01复古红 百搭气质 璀璨金钻哑光唇膏 ,3,2020-06-14
31699,730,29,CAREMiLLE珂曼奶油小方口红 雾面滋润保湿持久丝缎唇膏 M01醉蔷薇,2,2020-06-14
31700,730,17,TCL 65Q10 65英寸 QLED原色量子点电视 安桥音响 AI声控智慧屏 超薄全面屏 MEMC防抖 3+32GB 平板电视,3,2020-06-14
31701,730,14,华为 HUAWEI P40 麒麟990 5G SoC芯片 5000万超感知徕卡三摄 30倍数字变焦 6GB+128GB冰霜银全网通5G手机,2,2020-06-14
31702,730,7,Redmi 10X 4G Helio G85游戏芯 4800万超清四摄 5020mAh大电量 小孔全面屏 128GB大存储 8GB+128GB 明月灰 游戏智能手机 小米 红米,2,2020-06-14
31703,730,5,Redmi 10X 4G Helio G85游戏芯 4800万超清四摄 5020mAh大电量 小孔全面屏 128GB大存储 4GB+128GB 明月灰 游戏智能手机 小米 红米,2,2020-06-14
31704,730,16,华为 HUAWEI P40 麒麟990 5G SoC芯片 5000万超感知徕卡三摄 30倍数字变焦 8GB+128GB亮黑色全网通5G手机,2,2020-06-14
31705,734,34,华为智慧屏V55i-J 55英寸 HEGE-550B 4K全面屏智能电视机 多方视频通话 AI升降摄像头 银钻灰 京品家电,3,2020-06-14
31706,748,30,CAREMiLLE珂曼奶油小方口红 雾面滋润保湿持久丝缎唇膏 M02干玫瑰,2,2020-06-14
31707,748,26,索芙特i-Softto 口红不掉色唇膏保湿滋润 璀璨金钻哑光唇膏 Y01复古红 百搭气质 璀璨金钻哑光唇膏 ,1,2020-06-14
31708,748,28,索芙特i-Softto 口红不掉色唇膏保湿滋润 璀璨金钻哑光唇膏 Z03女王红 性感冷艳 璀璨金钻哑光唇膏 ,2,2020-06-14
31709,748,24,金沙河面条 原味银丝挂面 龙须面 方便速食拉面 清汤面 900g,3,2020-06-14
31710,748,14,华为 HUAWEI P40 麒麟990 5G SoC芯片 5000万超感知徕卡三摄 30倍数字变焦 6GB+128GB冰霜银全网通5G手机,1,2020-06-14
31712,750,8,Apple iPhone 12 (A2404) 64GB 黑色 支持移动联通电信5G 双卡双待手机,3,2020-06-14
31714,753,26,索芙特i-Softto 口红不掉色唇膏保湿滋润 璀璨金钻哑光唇膏 Y01复古红 百搭气质 璀璨金钻哑光唇膏 ,3,2020-06-14
31715,753,23,十月稻田 辽河长粒香 东北大米 5kg,2,2020-06-14
31716,753,27,索芙特i-Softto 口红不掉色唇膏保湿滋润 璀璨金钻哑光唇膏 Z02少女红 活力青春 璀璨金钻哑光唇膏 ,2,2020-06-14
31717,753,29,CAREMiLLE珂曼奶油小方口红 雾面滋润保湿持久丝缎唇膏 M01醉蔷薇,1,2020-06-14
31718,753,3,小米10 至尊纪念版 双模5G 骁龙865 120HZ高刷新率 120倍长焦镜头 120W快充 8GB+128GB 透明版 游戏手机,2,2020-06-14
31720,773,31,CAREMiLLE珂曼奶油小方口红 雾面滋润保湿持久丝缎唇膏 M03赤茶,1,2020-06-14
31721,773,23,十月稻田 辽河长粒香 东北大米 5kg,2,2020-06-14
31722,773,28,索芙特i-Softto 口红不掉色唇膏保湿滋润 璀璨金钻哑光唇膏 Z03女王红 性感冷艳 璀璨金钻哑光唇膏 ,1,2020-06-14
31724,773,2,小米10 至尊纪念版 双模5G 骁龙865 120HZ高刷新率 120倍长焦镜头 120W快充 12GB+256GB 陶瓷黑 游戏手机,2,2020-06-14
31727,787,23,十月稻田 辽河长粒香 东北大米 5kg,3,2020-06-14
31732,792,10,Apple iPhone 12 (A2404) 64GB 蓝色 支持移动联通电信5G 双卡双待手机,1,2020-06-14
31734,800,15,华为 HUAWEI P40 麒麟990 5G SoC芯片 5000万超感知徕卡三摄 30倍数字变焦 8GB+128GB冰霜银全网通5G手机,2,2020-06-14
31735,800,28,索芙特i-Softto 口红不掉色唇膏保湿滋润 璀璨金钻哑光唇膏 Z03女王红 性感冷艳 璀璨金钻哑光唇膏 ,3,2020-06-14
31736,1,28,索芙特i-Softto 口红不掉色唇膏保湿滋润 璀璨金钻哑光唇膏 Z03女王红 性感冷艳 璀璨金钻哑光唇膏 ,3,2020-06-14
31737,15,2,小米10 至尊纪念版 双模5G 骁龙865 120HZ高刷新率 120倍长焦镜头 120W快充 12GB+256GB 陶瓷黑 游戏手机,3,2020-06-14
31738,15,22,十月稻田 长粒香大米 东北大米 东北香米 5kg,2,2020-06-14
31739,15,21,小米电视4A 70英寸 4K超高清 HDR 二级能效 2GB+16GB L70M5-4A 内置小爱 智能网络液晶平板教育电视,3,2020-06-14
31740,15,24,金沙河面条 原味银丝挂面 龙须面 方便速食拉面 清汤面 900g,1,2020-06-14
31741,15,1,小米10 至尊纪念版 双模5G 骁龙865 120HZ高刷新率 120倍长焦镜头 120W快充 8GB+128GB 陶瓷黑 游戏手机,1,2020-06-14
31742,15,6,Redmi 10X 4G Helio G85游戏芯 4800万超清四摄 5020mAh大电量 小孔全面屏 128GB大存储 8GB+128GB 冰雾白 游戏智能手机 小米 红米,3,2020-06-14
31743,40,15,华为 HUAWEI P40 麒麟990 5G SoC芯片 5000万超感知徕卡三摄 30倍数字变焦 8GB+128GB冰霜银全网通5G手机,3,2020-06-14
31744,40,17,TCL 65Q10 65英寸 QLED原色量子点电视 安桥音响 AI声控智慧屏 超薄全面屏 MEMC防抖 3+32GB 平板电视,2,2020-06-14
31746,46,32,香奈儿（Chanel）女士香水5号香水 粉邂逅柔情淡香水EDT 5号淡香水35ml,2,2020-06-14
31750,64,7,Redmi 10X 4G Helio G85游戏芯 4800万超清四摄 5020mAh大电量 小孔全面屏 128GB大存储 8GB+128GB 明月灰 游戏智能手机 小米 红米,3,2020-06-14
31751,80,5,Redmi 10X 4G Helio G85游戏芯 4800万超清四摄 5020mAh大电量 小孔全面屏 128GB大存储 4GB+128GB 明月灰 游戏智能手机 小米 红米,1,2020-06-14
31752,80,7,Redmi 10X 4G Helio G85游戏芯 4800万超清四摄 5020mAh大电量 小孔全面屏 128GB大存储 8GB+128GB 明月灰 游戏智能手机 小米 红米,2,2020-06-14
31753,80,15,华为 HUAWEI P40 麒麟990 5G SoC芯片 5000万超感知徕卡三摄 30倍数字变焦 8GB+128GB冰霜银全网通5G手机,3,2020-06-14
31754,92,27,索芙特i-Softto 口红不掉色唇膏保湿滋润 璀璨金钻哑光唇膏 Z02少女红 活力青春 璀璨金钻哑光唇膏 ,3,2020-06-14
31755,100,1,小米10 至尊纪念版 双模5G 骁龙865 120HZ高刷新率 120倍长焦镜头 120W快充 8GB+128GB 陶瓷黑 游戏手机,1,2020-06-14
31756,100,30,CAREMiLLE珂曼奶油小方口红 雾面滋润保湿持久丝缎唇膏 M02干玫瑰,3,2020-06-14
31757,100,12,Apple iPhone 12 (A2404) 128GB 黑色 支持移动联通电信5G 双卡双待手机,2,2020-06-14
31758,100,15,华为 HUAWEI P40 麒麟990 5G SoC芯片 5000万超感知徕卡三摄 30倍数字变焦 8GB+128GB冰霜银全网通5G手机,3,2020-06-14
31759,100,22,十月稻田 长粒香大米 东北大米 东北香米 5kg,2,2020-06-14
31760,100,35,华为智慧屏V65i 65英寸 HEGE-560B 4K全面屏智能电视机 多方视频通话 AI升降摄像头 4GB+32GB 星际黑,1,2020-06-14
31761,100,10,Apple iPhone 12 (A2404) 64GB 蓝色 支持移动联通电信5G 双卡双待手机,2,2020-06-14
31762,100,13,华为 HUAWEI P40 麒麟990 5G SoC芯片 5000万超感知徕卡三摄 30倍数字变焦 6GB+128GB亮黑色全网通5G手机,1,2020-06-14
31763,104,2,小米10 至尊纪念版 双模5G 骁龙865 120HZ高刷新率 120倍长焦镜头 120W快充 12GB+256GB 陶瓷黑 游戏手机,3,2020-06-14
31764,104,24,金沙河面条 原味银丝挂面 龙须面 方便速食拉面 清汤面 900g,3,2020-06-14
31765,104,18,TCL 75Q10 75英寸 QLED原色量子点电视 安桥音响 AI声控智慧屏 超薄全面屏 MEMC防抖 3+32GB 平板电视,3,2020-06-14
31766,104,5,Redmi 10X 4G Helio G85游戏芯 4800万超清四摄 5020mAh大电量 小孔全面屏 128GB大存储 4GB+128GB 明月灰 游戏智能手机 小米 红米,1,2020-06-14
31771,109,11,Apple iPhone 12 (A2404) 64GB 白色 支持移动联通电信5G 双卡双待手机,3,2020-06-14
31772,109,33,香奈儿（Chanel）女士香水5号香水 粉邂逅柔情淡香水EDT 粉邂逅淡香水35ml,3,2020-06-14
31773,116,5,Redmi 10X 4G Helio G85游戏芯 4800万超清四摄 5020mAh大电量 小孔全面屏 128GB大存储 4GB+128GB 明月灰 游戏智能手机 小米 红米,3,2020-06-14
31774,116,3,小米10 至尊纪念版 双模5G 骁龙865 120HZ高刷新率 120倍长焦镜头 120W快充 8GB+128GB 透明版 游戏手机,1,2020-06-14
31775,116,22,十月稻田 长粒香大米 东北大米 东北香米 5kg,2,2020-06-14
31776,116,6,Redmi 10X 4G Helio G85游戏芯 4800万超清四摄 5020mAh大电量 小孔全面屏 128GB大存储 8GB+128GB 冰雾白 游戏智能手机 小米 红米,2,2020-06-14
31777,116,34,华为智慧屏V55i-J 55英寸 HEGE-550B 4K全面屏智能电视机 多方视频通话 AI升降摄像头 银钻灰 京品家电,1,2020-06-14
31779,126,8,Apple iPhone 12 (A2404) 64GB 黑色 支持移动联通电信5G 双卡双待手机,2,2020-06-14
31780,126,21,小米电视4A 70英寸 4K超高清 HDR 二级能效 2GB+16GB L70M5-4A 内置小爱 智能网络液晶平板教育电视,1,2020-06-14
31781,152,18,TCL 75Q10 75英寸 QLED原色量子点电视 安桥音响 AI声控智慧屏 超薄全面屏 MEMC防抖 3+32GB 平板电视,3,2020-06-14
31782,152,3,小米10 至尊纪念版 双模5G 骁龙865 120HZ高刷新率 120倍长焦镜头 120W快充 8GB+128GB 透明版 游戏手机,1,2020-06-14
31783,152,7,Redmi 10X 4G Helio G85游戏芯 4800万超清四摄 5020mAh大电量 小孔全面屏 128GB大存储 8GB+128GB 明月灰 游戏智能手机 小米 红米,1,2020-06-14
31784,152,34,华为智慧屏V55i-J 55英寸 HEGE-550B 4K全面屏智能电视机 多方视频通话 AI升降摄像头 银钻灰 京品家电,2,2020-06-14
31789,167,10,Apple iPhone 12 (A2404) 64GB 蓝色 支持移动联通电信5G 双卡双待手机,2,2020-06-14
31790,167,12,Apple iPhone 12 (A2404) 128GB 黑色 支持移动联通电信5G 双卡双待手机,3,2020-06-14
31791,167,16,华为 HUAWEI P40 麒麟990 5G SoC芯片 5000万超感知徕卡三摄 30倍数字变焦 8GB+128GB亮黑色全网通5G手机,2,2020-06-14
31793,197,21,小米电视4A 70英寸 4K超高清 HDR 二级能效 2GB+16GB L70M5-4A 内置小爱 智能网络液晶平板教育电视,2,2020-06-14
31794,203,28,索芙特i-Softto 口红不掉色唇膏保湿滋润 璀璨金钻哑光唇膏 Z03女王红 性感冷艳 璀璨金钻哑光唇膏 ,3,2020-06-14
31795,203,30,CAREMiLLE珂曼奶油小方口红 雾面滋润保湿持久丝缎唇膏 M02干玫瑰,2,2020-06-14
31796,239,4,Redmi 10X 4G Helio G85游戏芯 4800万超清四摄 5020mAh大电量 小孔全面屏 128GB大存储 4GB+128GB 冰雾白 游戏智能手机 小米 红米,3,2020-06-14
31797,252,17,TCL 65Q10 65英寸 QLED原色量子点电视 安桥音响 AI声控智慧屏 超薄全面屏 MEMC防抖 3+32GB 平板电视,3,2020-06-14
31798,252,31,CAREMiLLE珂曼奶油小方口红 雾面滋润保湿持久丝缎唇膏 M03赤茶,1,2020-06-14
31799,252,23,十月稻田 辽河长粒香 东北大米 5kg,2,2020-06-14
31800,252,24,金沙河面条 原味银丝挂面 龙须面 方便速食拉面 清汤面 900g,2,2020-06-14
31801,252,21,小米电视4A 70英寸 4K超高清 HDR 二级能效 2GB+16GB L70M5-4A 内置小爱 智能网络液晶平板教育电视,2,2020-06-14
31802,252,5,Redmi 10X 4G Helio G85游戏芯 4800万超清四摄 5020mAh大电量 小孔全面屏 128GB大存储 4GB+128GB 明月灰 游戏智能手机 小米 红米,3,2020-06-14
31803,252,20,小米电视E65X 65英寸 全面屏 4K超高清HDR 蓝牙遥控内置小爱 2+8GB AI人工智能液晶网络平板电视 L65M5-EA,3,2020-06-14
31805,255,29,CAREMiLLE珂曼奶油小方口红 雾面滋润保湿持久丝缎唇膏 M01醉蔷薇,1,2020-06-14
31806,262,35,华为智慧屏V65i 65英寸 HEGE-560B 4K全面屏智能电视机 多方视频通话 AI升降摄像头 4GB+32GB 星际黑,3,2020-06-14
31807,262,15,华为 HUAWEI P40 麒麟990 5G SoC芯片 5000万超感知徕卡三摄 30倍数字变焦 8GB+128GB冰霜银全网通5G手机,1,2020-06-14
31808,262,16,华为 HUAWEI P40 麒麟990 5G SoC芯片 5000万超感知徕卡三摄 30倍数字变焦 8GB+128GB亮黑色全网通5G手机,3,2020-06-14
31809,262,4,Redmi 10X 4G Helio G85游戏芯 4800万超清四摄 5020mAh大电量 小孔全面屏 128GB大存储 4GB+128GB 冰雾白 游戏智能手机 小米 红米,1,2020-06-14
31811,268,3,小米10 至尊纪念版 双模5G 骁龙865 120HZ高刷新率 120倍长焦镜头 120W快充 8GB+128GB 透明版 游戏手机,3,2020-06-14
31815,268,13,华为 HUAWEI P40 麒麟990 5G SoC芯片 5000万超感知徕卡三摄 30倍数字变焦 6GB+128GB亮黑色全网通5G手机,1,2020-06-14
31816,269,18,TCL 75Q10 75英寸 QLED原色量子点电视 安桥音响 AI声控智慧屏 超薄全面屏 MEMC防抖 3+32GB 平板电视,1,2020-06-14
31817,269,5,Redmi 10X 4G Helio G85游戏芯 4800万超清四摄 5020mAh大电量 小孔全面屏 128GB大存储 4GB+128GB 明月灰 游戏智能手机 小米 红米,1,2020-06-14
31818,269,8,Apple iPhone 12 (A2404) 64GB 黑色 支持移动联通电信5G 双卡双待手机,1,2020-06-14
31819,269,10,Apple iPhone 12 (A2404) 64GB 蓝色 支持移动联通电信5G 双卡双待手机,4,2020-06-14
31820,271,7,Redmi 10X 4G Helio G85游戏芯 4800万超清四摄 5020mAh大电量 小孔全面屏 128GB大存储 8GB+128GB 明月灰 游戏智能手机 小米 红米,2,2020-06-14
31821,271,10,Apple iPhone 12 (A2404) 64GB 蓝色 支持移动联通电信5G 双卡双待手机,1,2020-06-14
31822,271,31,CAREMiLLE珂曼奶油小方口红 雾面滋润保湿持久丝缎唇膏 M03赤茶,3,2020-06-14
31823,271,2,小米10 至尊纪念版 双模5G 骁龙865 120HZ高刷新率 120倍长焦镜头 120W快充 12GB+256GB 陶瓷黑 游戏手机,3,2020-06-14
31824,271,22,十月稻田 长粒香大米 东北大米 东北香米 5kg,3,2020-06-14
31825,271,34,华为智慧屏V55i-J 55英寸 HEGE-550B 4K全面屏智能电视机 多方视频通话 AI升降摄像头 银钻灰 京品家电,1,2020-06-14
31826,273,17,TCL 65Q10 65英寸 QLED原色量子点电视 安桥音响 AI声控智慧屏 超薄全面屏 MEMC防抖 3+32GB 平板电视,2,2020-06-14
31827,273,21,小米电视4A 70英寸 4K超高清 HDR 二级能效 2GB+16GB L70M5-4A 内置小爱 智能网络液晶平板教育电视,1,2020-06-14
31828,273,7,Redmi 10X 4G Helio G85游戏芯 4800万超清四摄 5020mAh大电量 小孔全面屏 128GB大存储 8GB+128GB 明月灰 游戏智能手机 小米 红米,1,2020-06-14
31829,273,18,TCL 75Q10 75英寸 QLED原色量子点电视 安桥音响 AI声控智慧屏 超薄全面屏 MEMC防抖 3+32GB 平板电视,2,2020-06-14
31830,273,10,Apple iPhone 12 (A2404) 64GB 蓝色 支持移动联通电信5G 双卡双待手机,2,2020-06-14
31831,273,23,十月稻田 辽河长粒香 东北大米 5kg,3,2020-06-14
31832,273,4,Redmi 10X 4G Helio G85游戏芯 4800万超清四摄 5020mAh大电量 小孔全面屏 128GB大存储 4GB+128GB 冰雾白 游戏智能手机 小米 红米,3,2020-06-14
31834,295,29,CAREMiLLE珂曼奶油小方口红 雾面滋润保湿持久丝缎唇膏 M01醉蔷薇,1,2020-06-14
31835,299,28,索芙特i-Softto 口红不掉色唇膏保湿滋润 璀璨金钻哑光唇膏 Z03女王红 性感冷艳 璀璨金钻哑光唇膏 ,2,2020-06-14
31842,308,32,香奈儿（Chanel）女士香水5号香水 粉邂逅柔情淡香水EDT 5号淡香水35ml,2,2020-06-14
31845,314,33,香奈儿（Chanel）女士香水5号香水 粉邂逅柔情淡香水EDT 粉邂逅淡香水35ml,3,2020-06-14
31846,314,19,TCL 85Q6 85英寸 巨幕私人影院电视 4K超高清 AI智慧屏 全景全面屏 MEMC运动防抖 2+16GB 液晶平板电视机,2,2020-06-14
31847,314,31,CAREMiLLE珂曼奶油小方口红 雾面滋润保湿持久丝缎唇膏 M03赤茶,2,2020-06-14
31848,314,8,Apple iPhone 12 (A2404) 64GB 黑色 支持移动联通电信5G 双卡双待手机,1,2020-06-14
31849,339,16,华为 HUAWEI P40 麒麟990 5G SoC芯片 5000万超感知徕卡三摄 30倍数字变焦 8GB+128GB亮黑色全网通5G手机,3,2020-06-14
31850,343,24,金沙河面条 原味银丝挂面 龙须面 方便速食拉面 清汤面 900g,2,2020-06-14
31851,343,8,Apple iPhone 12 (A2404) 64GB 黑色 支持移动联通电信5G 双卡双待手机,1,2020-06-14
31852,345,14,华为 HUAWEI P40 麒麟990 5G SoC芯片 5000万超感知徕卡三摄 30倍数字变焦 6GB+128GB冰霜银全网通5G手机,3,2020-06-14
31853,356,9,Apple iPhone 12 (A2404) 64GB 红色 支持移动联通电信5G 双卡双待手机,1,2020-06-14
31854,356,10,Apple iPhone 12 (A2404) 64GB 蓝色 支持移动联通电信5G 双卡双待手机,3,2020-06-14
31855,356,15,华为 HUAWEI P40 麒麟990 5G SoC芯片 5000万超感知徕卡三摄 30倍数字变焦 8GB+128GB冰霜银全网通5G手机,1,2020-06-14
31856,356,12,Apple iPhone 12 (A2404) 128GB 黑色 支持移动联通电信5G 双卡双待手机,2,2020-06-14
31857,356,33,香奈儿（Chanel）女士香水5号香水 粉邂逅柔情淡香水EDT 粉邂逅淡香水35ml,3,2020-06-14
31858,356,28,索芙特i-Softto 口红不掉色唇膏保湿滋润 璀璨金钻哑光唇膏 Z03女王红 性感冷艳 璀璨金钻哑光唇膏 ,1,2020-06-14
31859,356,3,小米10 至尊纪念版 双模5G 骁龙865 120HZ高刷新率 120倍长焦镜头 120W快充 8GB+128GB 透明版 游戏手机,3,2020-06-14
31860,356,26,索芙特i-Softto 口红不掉色唇膏保湿滋润 璀璨金钻哑光唇膏 Y01复古红 百搭气质 璀璨金钻哑光唇膏 ,3,2020-06-14
31861,384,21,小米电视4A 70英寸 4K超高清 HDR 二级能效 2GB+16GB L70M5-4A 内置小爱 智能网络液晶平板教育电视,1,2020-06-14
31862,384,8,Apple iPhone 12 (A2404) 64GB 黑色 支持移动联通电信5G 双卡双待手机,1,2020-06-14
31866,399,26,索芙特i-Softto 口红不掉色唇膏保湿滋润 璀璨金钻哑光唇膏 Y01复古红 百搭气质 璀璨金钻哑光唇膏 ,3,2020-06-14
31868,399,9,Apple iPhone 12 (A2404) 64GB 红色 支持移动联通电信5G 双卡双待手机,2,2020-06-14
31869,408,16,华为 HUAWEI P40 麒麟990 5G SoC芯片 5000万超感知徕卡三摄 30倍数字变焦 8GB+128GB亮黑色全网通5G手机,2,2020-06-14
31870,408,18,TCL 75Q10 75英寸 QLED原色量子点电视 安桥音响 AI声控智慧屏 超薄全面屏 MEMC防抖 3+32GB 平板电视,3,2020-06-14
31871,408,35,华为智慧屏V65i 65英寸 HEGE-560B 4K全面屏智能电视机 多方视频通话 AI升降摄像头 4GB+32GB 星际黑,3,2020-06-14
31872,410,20,小米电视E65X 65英寸 全面屏 4K超高清HDR 蓝牙遥控内置小爱 2+8GB AI人工智能液晶网络平板电视 L65M5-EA,1,2020-06-14
31873,410,4,Redmi 10X 4G Helio G85游戏芯 4800万超清四摄 5020mAh大电量 小孔全面屏 128GB大存储 4GB+128GB 冰雾白 游戏智能手机 小米 红米,2,2020-06-14
31874,410,29,CAREMiLLE珂曼奶油小方口红 雾面滋润保湿持久丝缎唇膏 M01醉蔷薇,3,2020-06-14
31875,412,10,Apple iPhone 12 (A2404) 64GB 蓝色 支持移动联通电信5G 双卡双待手机,3,2020-06-14
31876,418,25,金沙河面条 银丝挂面900g*3包 爽滑 细面条 龙须面 速食面,1,2020-06-14
31877,418,8,Apple iPhone 12 (A2404) 64GB 黑色 支持移动联通电信5G 双卡双待手机,1,2020-06-14
31878,418,12,Apple iPhone 12 (A2404) 128GB 黑色 支持移动联通电信5G 双卡双待手机,3,2020-06-14
31879,418,5,Redmi 10X 4G Helio G85游戏芯 4800万超清四摄 5020mAh大电量 小孔全面屏 128GB大存储 4GB+128GB 明月灰 游戏智能手机 小米 红米,3,2020-06-14
31880,418,23,十月稻田 辽河长粒香 东北大米 5kg,3,2020-06-14
31881,418,24,金沙河面条 原味银丝挂面 龙须面 方便速食拉面 清汤面 900g,2,2020-06-14
31882,418,35,华为智慧屏V65i 65英寸 HEGE-560B 4K全面屏智能电视机 多方视频通话 AI升降摄像头 4GB+32GB 星际黑,2,2020-06-14
31883,418,20,小米电视E65X 65英寸 全面屏 4K超高清HDR 蓝牙遥控内置小爱 2+8GB AI人工智能液晶网络平板电视 L65M5-EA,3,2020-06-14
31887,455,16,华为 HUAWEI P40 麒麟990 5G SoC芯片 5000万超感知徕卡三摄 30倍数字变焦 8GB+128GB亮黑色全网通5G手机,1,2020-06-14
31888,455,33,香奈儿（Chanel）女士香水5号香水 粉邂逅柔情淡香水EDT 粉邂逅淡香水35ml,1,2020-06-14
31889,459,7,Redmi 10X 4G Helio G85游戏芯 4800万超清四摄 5020mAh大电量 小孔全面屏 128GB大存储 8GB+128GB 明月灰 游戏智能手机 小米 红米,2,2020-06-14
31890,459,30,CAREMiLLE珂曼奶油小方口红 雾面滋润保湿持久丝缎唇膏 M02干玫瑰,3,2020-06-14
31891,480,7,Redmi 10X 4G Helio G85游戏芯 4800万超清四摄 5020mAh大电量 小孔全面屏 128GB大存储 8GB+128GB 明月灰 游戏智能手机 小米 红米,2,2020-06-14
31892,480,31,CAREMiLLE珂曼奶油小方口红 雾面滋润保湿持久丝缎唇膏 M03赤茶,3,2020-06-14
31893,499,10,Apple iPhone 12 (A2404) 64GB 蓝色 支持移动联通电信5G 双卡双待手机,1,2020-06-14
31894,499,11,Apple iPhone 12 (A2404) 64GB 白色 支持移动联通电信5G 双卡双待手机,1,2020-06-14
31895,499,7,Redmi 10X 4G Helio G85游戏芯 4800万超清四摄 5020mAh大电量 小孔全面屏 128GB大存储 8GB+128GB 明月灰 游戏智能手机 小米 红米,3,2020-06-14
31896,499,24,金沙河面条 原味银丝挂面 龙须面 方便速食拉面 清汤面 900g,3,2020-06-14
31897,499,32,香奈儿（Chanel）女士香水5号香水 粉邂逅柔情淡香水EDT 5号淡香水35ml,3,2020-06-14
31898,499,15,华为 HUAWEI P40 麒麟990 5G SoC芯片 5000万超感知徕卡三摄 30倍数字变焦 8GB+128GB冰霜银全网通5G手机,2,2020-06-14
31899,499,26,索芙特i-Softto 口红不掉色唇膏保湿滋润 璀璨金钻哑光唇膏 Y01复古红 百搭气质 璀璨金钻哑光唇膏 ,2,2020-06-14
31900,511,6,Redmi 10X 4G Helio G85游戏芯 4800万超清四摄 5020mAh大电量 小孔全面屏 128GB大存储 8GB+128GB 冰雾白 游戏智能手机 小米 红米,3,2020-06-14
31901,511,10,Apple iPhone 12 (A2404) 64GB 蓝色 支持移动联通电信5G 双卡双待手机,2,2020-06-14
31902,511,19,TCL 85Q6 85英寸 巨幕私人影院电视 4K超高清 AI智慧屏 全景全面屏 MEMC运动防抖 2+16GB 液晶平板电视机,1,2020-06-14
31903,511,15,华为 HUAWEI P40 麒麟990 5G SoC芯片 5000万超感知徕卡三摄 30倍数字变焦 8GB+128GB冰霜银全网通5G手机,2,2020-06-14
31904,511,29,CAREMiLLE珂曼奶油小方口红 雾面滋润保湿持久丝缎唇膏 M01醉蔷薇,2,2020-06-14
31905,515,23,十月稻田 辽河长粒香 东北大米 5kg,1,2020-06-14
31906,515,10,Apple iPhone 12 (A2404) 64GB 蓝色 支持移动联通电信5G 双卡双待手机,3,2020-06-14
31907,515,20,小米电视E65X 65英寸 全面屏 4K超高清HDR 蓝牙遥控内置小爱 2+8GB AI人工智能液晶网络平板电视 L65M5-EA,3,2020-06-14
31908,515,26,索芙特i-Softto 口红不掉色唇膏保湿滋润 璀璨金钻哑光唇膏 Y01复古红 百搭气质 璀璨金钻哑光唇膏 ,3,2020-06-14
31910,531,15,华为 HUAWEI P40 麒麟990 5G SoC芯片 5000万超感知徕卡三摄 30倍数字变焦 8GB+128GB冰霜银全网通5G手机,2,2020-06-14
31911,531,4,Redmi 10X 4G Helio G85游戏芯 4800万超清四摄 5020mAh大电量 小孔全面屏 128GB大存储 4GB+128GB 冰雾白 游戏智能手机 小米 红米,3,2020-06-14
31912,531,6,Redmi 10X 4G Helio G85游戏芯 4800万超清四摄 5020mAh大电量 小孔全面屏 128GB大存储 8GB+128GB 冰雾白 游戏智能手机 小米 红米,2,2020-06-14
31914,531,14,华为 HUAWEI P40 麒麟990 5G SoC芯片 5000万超感知徕卡三摄 30倍数字变焦 6GB+128GB冰霜银全网通5G手机,1,2020-06-14
31916,538,21,小米电视4A 70英寸 4K超高清 HDR 二级能效 2GB+16GB L70M5-4A 内置小爱 智能网络液晶平板教育电视,2,2020-06-14
31918,538,3,小米10 至尊纪念版 双模5G 骁龙865 120HZ高刷新率 120倍长焦镜头 120W快充 8GB+128GB 透明版 游戏手机,3,2020-06-14
31919,538,10,Apple iPhone 12 (A2404) 64GB 蓝色 支持移动联通电信5G 双卡双待手机,1,2020-06-14
31924,539,5,Redmi 10X 4G Helio G85游戏芯 4800万超清四摄 5020mAh大电量 小孔全面屏 128GB大存储 4GB+128GB 明月灰 游戏智能手机 小米 红米,1,2020-06-14
31926,542,26,索芙特i-Softto 口红不掉色唇膏保湿滋润 璀璨金钻哑光唇膏 Y01复古红 百搭气质 璀璨金钻哑光唇膏 ,2,2020-06-14
31927,542,30,CAREMiLLE珂曼奶油小方口红 雾面滋润保湿持久丝缎唇膏 M02干玫瑰,3,2020-06-14
31928,542,12,Apple iPhone 12 (A2404) 128GB 黑色 支持移动联通电信5G 双卡双待手机,1,2020-06-14
31929,542,29,CAREMiLLE珂曼奶油小方口红 雾面滋润保湿持久丝缎唇膏 M01醉蔷薇,1,2020-06-14
31930,542,23,十月稻田 辽河长粒香 东北大米 5kg,1,2020-06-14
31931,542,13,华为 HUAWEI P40 麒麟990 5G SoC芯片 5000万超感知徕卡三摄 30倍数字变焦 6GB+128GB亮黑色全网通5G手机,1,2020-06-14
31932,542,14,华为 HUAWEI P40 麒麟990 5G SoC芯片 5000万超感知徕卡三摄 30倍数字变焦 6GB+128GB冰霜银全网通5G手机,1,2020-06-14
31933,542,18,TCL 75Q10 75英寸 QLED原色量子点电视 安桥音响 AI声控智慧屏 超薄全面屏 MEMC防抖 3+32GB 平板电视,1,2020-06-14
31936,581,3,小米10 至尊纪念版 双模5G 骁龙865 120HZ高刷新率 120倍长焦镜头 120W快充 8GB+128GB 透明版 游戏手机,1,2020-06-14
31940,584,10,Apple iPhone 12 (A2404) 64GB 蓝色 支持移动联通电信5G 双卡双待手机,1,2020-06-14
31941,584,2,小米10 至尊纪念版 双模5G 骁龙865 120HZ高刷新率 120倍长焦镜头 120W快充 12GB+256GB 陶瓷黑 游戏手机,1,2020-06-14
31942,584,29,CAREMiLLE珂曼奶油小方口红 雾面滋润保湿持久丝缎唇膏 M01醉蔷薇,3,2020-06-14
31943,584,15,华为 HUAWEI P40 麒麟990 5G SoC芯片 5000万超感知徕卡三摄 30倍数字变焦 8GB+128GB冰霜银全网通5G手机,1,2020-06-14
31944,584,20,小米电视E65X 65英寸 全面屏 4K超高清HDR 蓝牙遥控内置小爱 2+8GB AI人工智能液晶网络平板电视 L65M5-EA,3,2020-06-14
31945,604,26,索芙特i-Softto 口红不掉色唇膏保湿滋润 璀璨金钻哑光唇膏 Y01复古红 百搭气质 璀璨金钻哑光唇膏 ,3,2020-06-14
31946,604,30,CAREMiLLE珂曼奶油小方口红 雾面滋润保湿持久丝缎唇膏 M02干玫瑰,3,2020-06-14
31948,619,18,TCL 75Q10 75英寸 QLED原色量子点电视 安桥音响 AI声控智慧屏 超薄全面屏 MEMC防抖 3+32GB 平板电视,1,2020-06-14
31950,619,21,小米电视4A 70英寸 4K超高清 HDR 二级能效 2GB+16GB L70M5-4A 内置小爱 智能网络液晶平板教育电视,1,2020-06-14
31954,619,32,香奈儿（Chanel）女士香水5号香水 粉邂逅柔情淡香水EDT 5号淡香水35ml,1,2020-06-14
31957,623,7,Redmi 10X 4G Helio G85游戏芯 4800万超清四摄 5020mAh大电量 小孔全面屏 128GB大存储 8GB+128GB 明月灰 游戏智能手机 小米 红米,3,2020-06-14
31958,649,9,Apple iPhone 12 (A2404) 64GB 红色 支持移动联通电信5G 双卡双待手机,1,2020-06-14
31959,649,10,Apple iPhone 12 (A2404) 64GB 蓝色 支持移动联通电信5G 双卡双待手机,1,2020-06-14
31960,649,23,十月稻田 辽河长粒香 东北大米 5kg,2,2020-06-14
31961,649,32,香奈儿（Chanel）女士香水5号香水 粉邂逅柔情淡香水EDT 5号淡香水35ml,1,2020-06-14
31962,649,30,CAREMiLLE珂曼奶油小方口红 雾面滋润保湿持久丝缎唇膏 M02干玫瑰,2,2020-06-14
31963,649,15,华为 HUAWEI P40 麒麟990 5G SoC芯片 5000万超感知徕卡三摄 30倍数字变焦 8GB+128GB冰霜银全网通5G手机,1,2020-06-14
31964,649,33,香奈儿（Chanel）女士香水5号香水 粉邂逅柔情淡香水EDT 粉邂逅淡香水35ml,3,2020-06-14
31965,669,25,金沙河面条 银丝挂面900g*3包 爽滑 细面条 龙须面 速食面,3,2020-06-14
31966,712,29,CAREMiLLE珂曼奶油小方口红 雾面滋润保湿持久丝缎唇膏 M01醉蔷薇,2,2020-06-14
31967,712,27,索芙特i-Softto 口红不掉色唇膏保湿滋润 璀璨金钻哑光唇膏 Z02少女红 活力青春 璀璨金钻哑光唇膏 ,3,2020-06-14
31968,712,33,香奈儿（Chanel）女士香水5号香水 粉邂逅柔情淡香水EDT 粉邂逅淡香水35ml,2,2020-06-14
31969,722,16,华为 HUAWEI P40 麒麟990 5G SoC芯片 5000万超感知徕卡三摄 30倍数字变焦 8GB+128GB亮黑色全网通5G手机,1,2020-06-14
31970,722,6,Redmi 10X 4G Helio G85游戏芯 4800万超清四摄 5020mAh大电量 小孔全面屏 128GB大存储 8GB+128GB 冰雾白 游戏智能手机 小米 红米,1,2020-06-14
31971,722,22,十月稻田 长粒香大米 东北大米 东北香米 5kg,3,2020-06-14
31972,722,28,索芙特i-Softto 口红不掉色唇膏保湿滋润 璀璨金钻哑光唇膏 Z03女王红 性感冷艳 璀璨金钻哑光唇膏 ,1,2020-06-14
31973,722,26,索芙特i-Softto 口红不掉色唇膏保湿滋润 璀璨金钻哑光唇膏 Y01复古红 百搭气质 璀璨金钻哑光唇膏 ,2,2020-06-14
31974,722,11,Apple iPhone 12 (A2404) 64GB 白色 支持移动联通电信5G 双卡双待手机,2,2020-06-14
31975,739,4,Redmi 10X 4G Helio G85游戏芯 4800万超清四摄 5020mAh大电量 小孔全面屏 128GB大存储 4GB+128GB 冰雾白 游戏智能手机 小米 红米,2,2020-06-14
31976,739,35,华为智慧屏V65i 65英寸 HEGE-560B 4K全面屏智能电视机 多方视频通话 AI升降摄像头 4GB+32GB 星际黑,3,2020-06-14
31977,739,26,索芙特i-Softto 口红不掉色唇膏保湿滋润 璀璨金钻哑光唇膏 Y01复古红 百搭气质 璀璨金钻哑光唇膏 ,3,2020-06-14
31978,739,12,Apple iPhone 12 (A2404) 128GB 黑色 支持移动联通电信5G 双卡双待手机,1,2020-06-14
31979,739,34,华为智慧屏V55i-J 55英寸 HEGE-550B 4K全面屏智能电视机 多方视频通话 AI升降摄像头 银钻灰 京品家电,3,2020-06-14
31980,750,25,金沙河面条 银丝挂面900g*3包 爽滑 细面条 龙须面 速食面,2,2020-06-14
31981,750,5,Redmi 10X 4G Helio G85游戏芯 4800万超清四摄 5020mAh大电量 小孔全面屏 128GB大存储 4GB+128GB 明月灰 游戏智能手机 小米 红米,2,2020-06-14
31982,750,23,十月稻田 辽河长粒香 东北大米 5kg,1,2020-06-14
31984,756,6,Redmi 10X 4G Helio G85游戏芯 4800万超清四摄 5020mAh大电量 小孔全面屏 128GB大存储 8GB+128GB 冰雾白 游戏智能手机 小米 红米,2,2020-06-14
31986,756,5,Redmi 10X 4G Helio G85游戏芯 4800万超清四摄 5020mAh大电量 小孔全面屏 128GB大存储 4GB+128GB 明月灰 游戏智能手机 小米 红米,1,2020-06-14
31987,756,2,小米10 至尊纪念版 双模5G 骁龙865 120HZ高刷新率 120倍长焦镜头 120W快充 12GB+256GB 陶瓷黑 游戏手机,2,2020-06-14
31988,768,27,索芙特i-Softto 口红不掉色唇膏保湿滋润 璀璨金钻哑光唇膏 Z02少女红 活力青春 璀璨金钻哑光唇膏 ,1,2020-06-14
31989,768,3,小米10 至尊纪念版 双模5G 骁龙865 120HZ高刷新率 120倍长焦镜头 120W快充 8GB+128GB 透明版 游戏手机,2,2020-06-14
31990,768,18,TCL 75Q10 75英寸 QLED原色量子点电视 安桥音响 AI声控智慧屏 超薄全面屏 MEMC防抖 3+32GB 平板电视,1,2020-06-14
31991,774,34,华为智慧屏V55i-J 55英寸 HEGE-550B 4K全面屏智能电视机 多方视频通话 AI升降摄像头 银钻灰 京品家电,1,2020-06-14
31992,774,3,小米10 至尊纪念版 双模5G 骁龙865 120HZ高刷新率 120倍长焦镜头 120W快充 8GB+128GB 透明版 游戏手机,2,2020-06-14
31993,774,28,索芙特i-Softto 口红不掉色唇膏保湿滋润 璀璨金钻哑光唇膏 Z03女王红 性感冷艳 璀璨金钻哑光唇膏 ,1,2020-06-14
31994,774,6,Redmi 10X 4G Helio G85游戏芯 4800万超清四摄 5020mAh大电量 小孔全面屏 128GB大存储 8GB+128GB 冰雾白 游戏智能手机 小米 红米,3,2020-06-14
31995,782,11,Apple iPhone 12 (A2404) 64GB 白色 支持移动联通电信5G 双卡双待手机,2,2020-06-14
31996,782,35,华为智慧屏V65i 65英寸 HEGE-560B 4K全面屏智能电视机 多方视频通话 AI升降摄像头 4GB+32GB 星际黑,2,2020-06-14
31997,782,7,Redmi 10X 4G Helio G85游戏芯 4800万超清四摄 5020mAh大电量 小孔全面屏 128GB大存储 8GB+128GB 明月灰 游戏智能手机 小米 红米,1,2020-06-14
31998,782,25,金沙河面条 银丝挂面900g*3包 爽滑 细面条 龙须面 速食面,3,2020-06-14
31999,782,3,小米10 至尊纪念版 双模5G 骁龙865 120HZ高刷新率 120倍长焦镜头 120W快充 8GB+128GB 透明版 游戏手机,1,2020-06-14
32000,782,12,Apple iPhone 12 (A2404) 128GB 黑色 支持移动联通电信5G 双卡双待手机,2,2020-06-14
32001,804,3,小米10 至尊纪念版 双模5G 骁龙865 120HZ高刷新率 120倍长焦镜头 120W快充 8GB+128GB 透明版 游戏手机,2,2020-06-14
32002,808,28,索芙特i-Softto 口红不掉色唇膏保湿滋润 璀璨金钻哑光唇膏 Z03女王红 性感冷艳 璀璨金钻哑光唇膏 ,1,2020-06-14
32003,808,23,十月稻田 辽河长粒香 东北大米 5kg,3,2020-06-14
32004,808,9,Apple iPhone 12 (A2404) 64GB 红色 支持移动联通电信5G 双卡双待手机,1,2020-06-14
32005,808,27,索芙特i-Softto 口红不掉色唇膏保湿滋润 璀璨金钻哑光唇膏 Z02少女红 活力青春 璀璨金钻哑光唇膏 ,2,2020-06-14
32006,808,20,小米电视E65X 65英寸 全面屏 4K超高清HDR 蓝牙遥控内置小爱 2+8GB AI人工智能液晶网络平板电视 L65M5-EA,1,2020-06-14
32007,808,4,Redmi 10X 4G Helio G85游戏芯 4800万超清四摄 5020mAh大电量 小孔全面屏 128GB大存储 4GB+128GB 冰雾白 游戏智能手机 小米 红米,1,2020-06-14
32008,809,1,小米10 至尊纪念版 双模5G 骁龙865 120HZ高刷新率 120倍长焦镜头 120W快充 8GB+128GB 陶瓷黑 游戏手机,1,2020-06-14
32009,809,28,索芙特i-Softto 口红不掉色唇膏保湿滋润 璀璨金钻哑光唇膏 Z03女王红 性感冷艳 璀璨金钻哑光唇膏 ,3,2020-06-14
32010,809,6,Redmi 10X 4G Helio G85游戏芯 4800万超清四摄 5020mAh大电量 小孔全面屏 128GB大存储 8GB+128GB 冰雾白 游戏智能手机 小米 红米,2,2020-06-14
32021,831,26,索芙特i-Softto 口红不掉色唇膏保湿滋润 璀璨金钻哑光唇膏 Y01复古红 百搭气质 璀璨金钻哑光唇膏 ,2,2020-06-14
32022,831,2,小米10 至尊纪念版 双模5G 骁龙865 120HZ高刷新率 120倍长焦镜头 120W快充 12GB+256GB 陶瓷黑 游戏手机,2,2020-06-14
32023,831,16,华为 HUAWEI P40 麒麟990 5G SoC芯片 5000万超感知徕卡三摄 30倍数字变焦 8GB+128GB亮黑色全网通5G手机,3,2020-06-14
32025,839,34,华为智慧屏V55i-J 55英寸 HEGE-550B 4K全面屏智能电视机 多方视频通话 AI升降摄像头 银钻灰 京品家电,2,2020-06-14
32026,839,1,小米10 至尊纪念版 双模5G 骁龙865 120HZ高刷新率 120倍长焦镜头 120W快充 8GB+128GB 陶瓷黑 游戏手机,2,2020-06-14
32027,839,9,Apple iPhone 12 (A2404) 64GB 红色 支持移动联通电信5G 双卡双待手机,2,2020-06-14
32028,839,26,索芙特i-Softto 口红不掉色唇膏保湿滋润 璀璨金钻哑光唇膏 Y01复古红 百搭气质 璀璨金钻哑光唇膏 ,1,2020-06-14
32029,839,6,Redmi 10X 4G Helio G85游戏芯 4800万超清四摄 5020mAh大电量 小孔全面屏 128GB大存储 8GB+128GB 冰雾白 游戏智能手机 小米 红米,2,2020-06-14
32030,839,15,华为 HUAWEI P40 麒麟990 5G SoC芯片 5000万超感知徕卡三摄 30倍数字变焦 8GB+128GB冰霜银全网通5G手机,1,2020-06-14
32031,839,21,小米电视4A 70英寸 4K超高清 HDR 二级能效 2GB+16GB L70M5-4A 内置小爱 智能网络液晶平板教育电视,3,2020-06-14
32032,840,2,小米10 至尊纪念版 双模5G 骁龙865 120HZ高刷新率 120倍长焦镜头 120W快充 12GB+256GB 陶瓷黑 游戏手机,3,2020-06-14
32033,840,29,CAREMiLLE珂曼奶油小方口红 雾面滋润保湿持久丝缎唇膏 M01醉蔷薇,3,2020-06-14
32034,840,30,CAREMiLLE珂曼奶油小方口红 雾面滋润保湿持久丝缎唇膏 M02干玫瑰,3,2020-06-14
32035,840,24,金沙河面条 原味银丝挂面 龙须面 方便速食拉面 清汤面 900g,2,2020-06-14
32036,840,16,华为 HUAWEI P40 麒麟990 5G SoC芯片 5000万超感知徕卡三摄 30倍数字变焦 8GB+128GB亮黑色全网通5G手机,3,2020-06-14
32037,840,25,金沙河面条 银丝挂面900g*3包 爽滑 细面条 龙须面 速食面,3,2020-06-14
32038,850,8,Apple iPhone 12 (A2404) 64GB 黑色 支持移动联通电信5G 双卡双待手机,2,2020-06-14
32041,850,9,Apple iPhone 12 (A2404) 64GB 红色 支持移动联通电信5G 双卡双待手机,3,2020-06-14
32043,850,21,小米电视4A 70英寸 4K超高清 HDR 二级能效 2GB+16GB L70M5-4A 内置小爱 智能网络液晶平板教育电视,3,2020-06-14
32044,852,17,TCL 65Q10 65英寸 QLED原色量子点电视 安桥音响 AI声控智慧屏 超薄全面屏 MEMC防抖 3+32GB 平板电视,2,2020-06-14
32045,852,22,十月稻田 长粒香大米 东北大米 东北香米 5kg,1,2020-06-14
32046,852,5,Redmi 10X 4G Helio G85游戏芯 4800万超清四摄 5020mAh大电量 小孔全面屏 128GB大存储 4GB+128GB 明月灰 游戏智能手机 小米 红米,3,2020-06-14
32047,852,30,CAREMiLLE珂曼奶油小方口红 雾面滋润保湿持久丝缎唇膏 M02干玫瑰,2,2020-06-14
32048,852,13,华为 HUAWEI P40 麒麟990 5G SoC芯片 5000万超感知徕卡三摄 30倍数字变焦 6GB+128GB亮黑色全网通5G手机,2,2020-06-14
32049,852,32,香奈儿（Chanel）女士香水5号香水 粉邂逅柔情淡香水EDT 5号淡香水35ml,1,2020-06-14
32050,853,16,华为 HUAWEI P40 麒麟990 5G SoC芯片 5000万超感知徕卡三摄 30倍数字变焦 8GB+128GB亮黑色全网通5G手机,1,2020-06-14
32051,853,9,Apple iPhone 12 (A2404) 64GB 红色 支持移动联通电信5G 双卡双待手机,3,2020-06-14
32052,853,5,Redmi 10X 4G Helio G85游戏芯 4800万超清四摄 5020mAh大电量 小孔全面屏 128GB大存储 4GB+128GB 明月灰 游戏智能手机 小米 红米,1,2020-06-14
32053,853,22,十月稻田 长粒香大米 东北大米 东北香米 5kg,1,2020-06-14
32054,853,28,索芙特i-Softto 口红不掉色唇膏保湿滋润 璀璨金钻哑光唇膏 Z03女王红 性感冷艳 璀璨金钻哑光唇膏 ,2,2020-06-14
32055,853,11,Apple iPhone 12 (A2404) 64GB 白色 支持移动联通电信5G 双卡双待手机,1,2020-06-14
32056,853,7,Redmi 10X 4G Helio G85游戏芯 4800万超清四摄 5020mAh大电量 小孔全面屏 128GB大存储 8GB+128GB 明月灰 游戏智能手机 小米 红米,3,2020-06-14
32057,858,24,金沙河面条 原味银丝挂面 龙须面 方便速食拉面 清汤面 900g,2,2020-06-14
32058,858,28,索芙特i-Softto 口红不掉色唇膏保湿滋润 璀璨金钻哑光唇膏 Z03女王红 性感冷艳 璀璨金钻哑光唇膏 ,2,2020-06-14
32059,858,1,小米10 至尊纪念版 双模5G 骁龙865 120HZ高刷新率 120倍长焦镜头 120W快充 8GB+128GB 陶瓷黑 游戏手机,1,2020-06-14
32060,858,35,华为智慧屏V65i 65英寸 HEGE-560B 4K全面屏智能电视机 多方视频通话 AI升降摄像头 4GB+32GB 星际黑,2,2020-06-14
32061,858,34,华为智慧屏V55i-J 55英寸 HEGE-550B 4K全面屏智能电视机 多方视频通话 AI升降摄像头 银钻灰 京品家电,1,2020-06-14
32062,858,5,Redmi 10X 4G Helio G85游戏芯 4800万超清四摄 5020mAh大电量 小孔全面屏 128GB大存储 4GB+128GB 明月灰 游戏智能手机 小米 红米,1,2020-06-14
32063,858,14,华为 HUAWEI P40 麒麟990 5G SoC芯片 5000万超感知徕卡三摄 30倍数字变焦 6GB+128GB冰霜银全网通5G手机,1,2020-06-14
32064,865,7,Redmi 10X 4G Helio G85游戏芯 4800万超清四摄 5020mAh大电量 小孔全面屏 128GB大存储 8GB+128GB 明月灰 游戏智能手机 小米 红米,1,2020-06-14
32065,865,26,索芙特i-Softto 口红不掉色唇膏保湿滋润 璀璨金钻哑光唇膏 Y01复古红 百搭气质 璀璨金钻哑光唇膏 ,1,2020-06-14
32066,865,12,Apple iPhone 12 (A2404) 128GB 黑色 支持移动联通电信5G 双卡双待手机,3,2020-06-14
32067,865,23,十月稻田 辽河长粒香 东北大米 5kg,2,2020-06-14
32068,865,11,Apple iPhone 12 (A2404) 64GB 白色 支持移动联通电信5G 双卡双待手机,2,2020-06-14
32070,868,21,小米电视4A 70英寸 4K超高清 HDR 二级能效 2GB+16GB L70M5-4A 内置小爱 智能网络液晶平板教育电视,3,2020-06-14
32071,868,12,Apple iPhone 12 (A2404) 128GB 黑色 支持移动联通电信5G 双卡双待手机,3,2020-06-14
32072,868,1,小米10 至尊纪念版 双模5G 骁龙865 120HZ高刷新率 120倍长焦镜头 120W快充 8GB+128GB 陶瓷黑 游戏手机,1,2020-06-14
32074,868,14,华为 HUAWEI P40 麒麟990 5G SoC芯片 5000万超感知徕卡三摄 30倍数字变焦 6GB+128GB冰霜银全网通5G手机,1,2020-06-14
32076,868,30,CAREMiLLE珂曼奶油小方口红 雾面滋润保湿持久丝缎唇膏 M02干玫瑰,1,2020-06-14
32077,874,8,Apple iPhone 12 (A2404) 64GB 黑色 支持移动联通电信5G 双卡双待手机,3,2020-06-14
32078,874,29,CAREMiLLE珂曼奶油小方口红 雾面滋润保湿持久丝缎唇膏 M01醉蔷薇,1,2020-06-14
32079,906,10,Apple iPhone 12 (A2404) 64GB 蓝色 支持移动联通电信5G 双卡双待手机,1,2020-06-14
32080,906,27,索芙特i-Softto 口红不掉色唇膏保湿滋润 璀璨金钻哑光唇膏 Z02少女红 活力青春 璀璨金钻哑光唇膏 ,2,2020-06-14
32081,906,35,华为智慧屏V65i 65英寸 HEGE-560B 4K全面屏智能电视机 多方视频通话 AI升降摄像头 4GB+32GB 星际黑,1,2020-06-14
32082,906,33,香奈儿（Chanel）女士香水5号香水 粉邂逅柔情淡香水EDT 粉邂逅淡香水35ml,3,2020-06-14
32083,906,34,华为智慧屏V55i-J 55英寸 HEGE-550B 4K全面屏智能电视机 多方视频通话 AI升降摄像头 银钻灰 京品家电,1,2020-06-14
32084,906,4,Redmi 10X 4G Helio G85游戏芯 4800万超清四摄 5020mAh大电量 小孔全面屏 128GB大存储 4GB+128GB 冰雾白 游戏智能手机 小米 红米,1,2020-06-14
32085,906,31,CAREMiLLE珂曼奶油小方口红 雾面滋润保湿持久丝缎唇膏 M03赤茶,1,2020-06-14
32086,909,34,华为智慧屏V55i-J 55英寸 HEGE-550B 4K全面屏智能电视机 多方视频通话 AI升降摄像头 银钻灰 京品家电,2,2020-06-14
32087,909,6,Redmi 10X 4G Helio G85游戏芯 4800万超清四摄 5020mAh大电量 小孔全面屏 128GB大存储 8GB+128GB 冰雾白 游戏智能手机 小米 红米,2,2020-06-14
32088,954,30,CAREMiLLE珂曼奶油小方口红 雾面滋润保湿持久丝缎唇膏 M02干玫瑰,1,2020-06-14
32089,987,14,华为 HUAWEI P40 麒麟990 5G SoC芯片 5000万超感知徕卡三摄 30倍数字变焦 6GB+128GB冰霜银全网通5G手机,1,2020-06-14
32090,987,12,Apple iPhone 12 (A2404) 128GB 黑色 支持移动联通电信5G 双卡双待手机,3,2020-06-14
32091,987,4,Redmi 10X 4G Helio G85游戏芯 4800万超清四摄 5020mAh大电量 小孔全面屏 128GB大存储 4GB+128GB 冰雾白 游戏智能手机 小米 红米,3,2020-06-14
32093,30,5,Redmi 10X 4G Helio G85游戏芯 4800万超清四摄 5020mAh大电量 小孔全面屏 128GB大存储 4GB+128GB 明月灰 游戏智能手机 小米 红米,1,2020-06-14
32094,30,2,小米10 至尊纪念版 双模5G 骁龙865 120HZ高刷新率 120倍长焦镜头 120W快充 12GB+256GB 陶瓷黑 游戏手机,2,2020-06-14
32095,30,33,香奈儿（Chanel）女士香水5号香水 粉邂逅柔情淡香水EDT 粉邂逅淡香水35ml,2,2020-06-14
32096,34,27,索芙特i-Softto 口红不掉色唇膏保湿滋润 璀璨金钻哑光唇膏 Z02少女红 活力青春 璀璨金钻哑光唇膏 ,2,2020-06-14
32100,36,15,华为 HUAWEI P40 麒麟990 5G SoC芯片 5000万超感知徕卡三摄 30倍数字变焦 8GB+128GB冰霜银全网通5G手机,2,2020-06-14
32101,36,23,十月稻田 辽河长粒香 东北大米 5kg,2,2020-06-14
32102,36,27,索芙特i-Softto 口红不掉色唇膏保湿滋润 璀璨金钻哑光唇膏 Z02少女红 活力青春 璀璨金钻哑光唇膏 ,3,2020-06-14
32103,37,14,华为 HUAWEI P40 麒麟990 5G SoC芯片 5000万超感知徕卡三摄 30倍数字变焦 6GB+128GB冰霜银全网通5G手机,3,2020-06-14
32104,37,21,小米电视4A 70英寸 4K超高清 HDR 二级能效 2GB+16GB L70M5-4A 内置小爱 智能网络液晶平板教育电视,3,2020-06-14
32105,37,2,小米10 至尊纪念版 双模5G 骁龙865 120HZ高刷新率 120倍长焦镜头 120W快充 12GB+256GB 陶瓷黑 游戏手机,3,2020-06-14
32106,43,10,Apple iPhone 12 (A2404) 64GB 蓝色 支持移动联通电信5G 双卡双待手机,1,2020-06-14
32107,58,10,Apple iPhone 12 (A2404) 64GB 蓝色 支持移动联通电信5G 双卡双待手机,1,2020-06-14
32108,58,31,CAREMiLLE珂曼奶油小方口红 雾面滋润保湿持久丝缎唇膏 M03赤茶,2,2020-06-14
32109,58,1,小米10 至尊纪念版 双模5G 骁龙865 120HZ高刷新率 120倍长焦镜头 120W快充 8GB+128GB 陶瓷黑 游戏手机,1,2020-06-14
32110,58,23,十月稻田 辽河长粒香 东北大米 5kg,1,2020-06-14
32111,58,25,金沙河面条 银丝挂面900g*3包 爽滑 细面条 龙须面 速食面,3,2020-06-14
32112,58,29,CAREMiLLE珂曼奶油小方口红 雾面滋润保湿持久丝缎唇膏 M01醉蔷薇,3,2020-06-14
32113,60,30,CAREMiLLE珂曼奶油小方口红 雾面滋润保湿持久丝缎唇膏 M02干玫瑰,1,2020-06-14
32115,68,34,华为智慧屏V55i-J 55英寸 HEGE-550B 4K全面屏智能电视机 多方视频通话 AI升降摄像头 银钻灰 京品家电,2,2020-06-14
32116,76,9,Apple iPhone 12 (A2404) 64GB 红色 支持移动联通电信5G 双卡双待手机,3,2020-06-14
32117,76,34,华为智慧屏V55i-J 55英寸 HEGE-550B 4K全面屏智能电视机 多方视频通话 AI升降摄像头 银钻灰 京品家电,3,2020-06-14
32118,76,3,小米10 至尊纪念版 双模5G 骁龙865 120HZ高刷新率 120倍长焦镜头 120W快充 8GB+128GB 透明版 游戏手机,1,2020-06-14
32119,76,28,索芙特i-Softto 口红不掉色唇膏保湿滋润 璀璨金钻哑光唇膏 Z03女王红 性感冷艳 璀璨金钻哑光唇膏 ,3,2020-06-14
32120,76,2,小米10 至尊纪念版 双模5G 骁龙865 120HZ高刷新率 120倍长焦镜头 120W快充 12GB+256GB 陶瓷黑 游戏手机,2,2020-06-14
32121,80,1,小米10 至尊纪念版 双模5G 骁龙865 120HZ高刷新率 120倍长焦镜头 120W快充 8GB+128GB 陶瓷黑 游戏手机,1,2020-06-14
32122,80,34,华为智慧屏V55i-J 55英寸 HEGE-550B 4K全面屏智能电视机 多方视频通话 AI升降摄像头 银钻灰 京品家电,2,2020-06-14
32123,80,13,华为 HUAWEI P40 麒麟990 5G SoC芯片 5000万超感知徕卡三摄 30倍数字变焦 6GB+128GB亮黑色全网通5G手机,2,2020-06-14
32124,80,10,Apple iPhone 12 (A2404) 64GB 蓝色 支持移动联通电信5G 双卡双待手机,1,2020-06-14
32125,88,31,CAREMiLLE珂曼奶油小方口红 雾面滋润保湿持久丝缎唇膏 M03赤茶,3,2020-06-14
32126,88,30,CAREMiLLE珂曼奶油小方口红 雾面滋润保湿持久丝缎唇膏 M02干玫瑰,2,2020-06-14
32127,88,25,金沙河面条 银丝挂面900g*3包 爽滑 细面条 龙须面 速食面,1,2020-06-14
32128,97,17,TCL 65Q10 65英寸 QLED原色量子点电视 安桥音响 AI声控智慧屏 超薄全面屏 MEMC防抖 3+32GB 平板电视,2,2020-06-14
32129,97,3,小米10 至尊纪念版 双模5G 骁龙865 120HZ高刷新率 120倍长焦镜头 120W快充 8GB+128GB 透明版 游戏手机,2,2020-06-14
32130,98,7,Redmi 10X 4G Helio G85游戏芯 4800万超清四摄 5020mAh大电量 小孔全面屏 128GB大存储 8GB+128GB 明月灰 游戏智能手机 小米 红米,2,2020-06-14
32133,105,1,小米10 至尊纪念版 双模5G 骁龙865 120HZ高刷新率 120倍长焦镜头 120W快充 8GB+128GB 陶瓷黑 游戏手机,2,2020-06-14
32134,105,26,索芙特i-Softto 口红不掉色唇膏保湿滋润 璀璨金钻哑光唇膏 Y01复古红 百搭气质 璀璨金钻哑光唇膏 ,2,2020-06-14
32135,105,12,Apple iPhone 12 (A2404) 128GB 黑色 支持移动联通电信5G 双卡双待手机,1,2020-06-14
32140,112,34,华为智慧屏V55i-J 55英寸 HEGE-550B 4K全面屏智能电视机 多方视频通话 AI升降摄像头 银钻灰 京品家电,3,2020-06-14
32142,112,20,小米电视E65X 65英寸 全面屏 4K超高清HDR 蓝牙遥控内置小爱 2+8GB AI人工智能液晶网络平板电视 L65M5-EA,3,2020-06-14
32143,112,6,Redmi 10X 4G Helio G85游戏芯 4800万超清四摄 5020mAh大电量 小孔全面屏 128GB大存储 8GB+128GB 冰雾白 游戏智能手机 小米 红米,1,2020-06-14
32144,112,25,金沙河面条 银丝挂面900g*3包 爽滑 细面条 龙须面 速食面,3,2020-06-14
32149,113,17,TCL 65Q10 65英寸 QLED原色量子点电视 安桥音响 AI声控智慧屏 超薄全面屏 MEMC防抖 3+32GB 平板电视,3,2020-06-14
32151,138,25,金沙河面条 银丝挂面900g*3包 爽滑 细面条 龙须面 速食面,2,2020-06-14
32152,138,5,Redmi 10X 4G Helio G85游戏芯 4800万超清四摄 5020mAh大电量 小孔全面屏 128GB大存储 4GB+128GB 明月灰 游戏智能手机 小米 红米,2,2020-06-14
32153,138,33,香奈儿（Chanel）女士香水5号香水 粉邂逅柔情淡香水EDT 粉邂逅淡香水35ml,2,2020-06-14
32154,138,10,Apple iPhone 12 (A2404) 64GB 蓝色 支持移动联通电信5G 双卡双待手机,2,2020-06-14
32155,156,6,Redmi 10X 4G Helio G85游戏芯 4800万超清四摄 5020mAh大电量 小孔全面屏 128GB大存储 8GB+128GB 冰雾白 游戏智能手机 小米 红米,2,2020-06-14
32156,160,32,香奈儿（Chanel）女士香水5号香水 粉邂逅柔情淡香水EDT 5号淡香水35ml,3,2020-06-14
32157,160,2,小米10 至尊纪念版 双模5G 骁龙865 120HZ高刷新率 120倍长焦镜头 120W快充 12GB+256GB 陶瓷黑 游戏手机,3,2020-06-14
32158,160,23,十月稻田 辽河长粒香 东北大米 5kg,2,2020-06-14
32159,160,8,Apple iPhone 12 (A2404) 64GB 黑色 支持移动联通电信5G 双卡双待手机,3,2020-06-14
32160,160,9,Apple iPhone 12 (A2404) 64GB 红色 支持移动联通电信5G 双卡双待手机,3,2020-06-14
32161,160,30,CAREMiLLE珂曼奶油小方口红 雾面滋润保湿持久丝缎唇膏 M02干玫瑰,2,2020-06-14
32162,173,8,Apple iPhone 12 (A2404) 64GB 黑色 支持移动联通电信5G 双卡双待手机,1,2020-06-14
32163,173,33,香奈儿（Chanel）女士香水5号香水 粉邂逅柔情淡香水EDT 粉邂逅淡香水35ml,3,2020-06-14
32164,173,13,华为 HUAWEI P40 麒麟990 5G SoC芯片 5000万超感知徕卡三摄 30倍数字变焦 6GB+128GB亮黑色全网通5G手机,2,2020-06-14
32165,173,23,十月稻田 辽河长粒香 东北大米 5kg,1,2020-06-14
32166,173,18,TCL 75Q10 75英寸 QLED原色量子点电视 安桥音响 AI声控智慧屏 超薄全面屏 MEMC防抖 3+32GB 平板电视,2,2020-06-14
32167,173,2,小米10 至尊纪念版 双模5G 骁龙865 120HZ高刷新率 120倍长焦镜头 120W快充 12GB+256GB 陶瓷黑 游戏手机,2,2020-06-14
32168,173,11,Apple iPhone 12 (A2404) 64GB 白色 支持移动联通电信5G 双卡双待手机,3,2020-06-14
32169,175,19,TCL 85Q6 85英寸 巨幕私人影院电视 4K超高清 AI智慧屏 全景全面屏 MEMC运动防抖 2+16GB 液晶平板电视机,1,2020-06-14
32170,175,18,TCL 75Q10 75英寸 QLED原色量子点电视 安桥音响 AI声控智慧屏 超薄全面屏 MEMC防抖 3+32GB 平板电视,3,2020-06-14
32173,177,35,华为智慧屏V65i 65英寸 HEGE-560B 4K全面屏智能电视机 多方视频通话 AI升降摄像头 4GB+32GB 星际黑,1,2020-06-14
32174,177,21,小米电视4A 70英寸 4K超高清 HDR 二级能效 2GB+16GB L70M5-4A 内置小爱 智能网络液晶平板教育电视,3,2020-06-14
32175,177,32,香奈儿（Chanel）女士香水5号香水 粉邂逅柔情淡香水EDT 5号淡香水35ml,2,2020-06-14
32176,188,2,小米10 至尊纪念版 双模5G 骁龙865 120HZ高刷新率 120倍长焦镜头 120W快充 12GB+256GB 陶瓷黑 游戏手机,3,2020-06-14
32177,188,31,CAREMiLLE珂曼奶油小方口红 雾面滋润保湿持久丝缎唇膏 M03赤茶,1,2020-06-14
32178,196,3,小米10 至尊纪念版 双模5G 骁龙865 120HZ高刷新率 120倍长焦镜头 120W快充 8GB+128GB 透明版 游戏手机,1,2020-06-14
32179,196,1,小米10 至尊纪念版 双模5G 骁龙865 120HZ高刷新率 120倍长焦镜头 120W快充 8GB+128GB 陶瓷黑 游戏手机,1,2020-06-14
32180,196,9,Apple iPhone 12 (A2404) 64GB 红色 支持移动联通电信5G 双卡双待手机,1,2020-06-14
32181,196,6,Redmi 10X 4G Helio G85游戏芯 4800万超清四摄 5020mAh大电量 小孔全面屏 128GB大存储 8GB+128GB 冰雾白 游戏智能手机 小米 红米,1,2020-06-14
32182,196,8,Apple iPhone 12 (A2404) 64GB 黑色 支持移动联通电信5G 双卡双待手机,3,2020-06-14
32183,210,6,Redmi 10X 4G Helio G85游戏芯 4800万超清四摄 5020mAh大电量 小孔全面屏 128GB大存储 8GB+128GB 冰雾白 游戏智能手机 小米 红米,2,2020-06-14
32184,210,20,小米电视E65X 65英寸 全面屏 4K超高清HDR 蓝牙遥控内置小爱 2+8GB AI人工智能液晶网络平板电视 L65M5-EA,1,2020-06-14
32185,210,7,Redmi 10X 4G Helio G85游戏芯 4800万超清四摄 5020mAh大电量 小孔全面屏 128GB大存储 8GB+128GB 明月灰 游戏智能手机 小米 红米,2,2020-06-14
32186,210,35,华为智慧屏V65i 65英寸 HEGE-560B 4K全面屏智能电视机 多方视频通话 AI升降摄像头 4GB+32GB 星际黑,1,2020-06-14
32187,210,32,香奈儿（Chanel）女士香水5号香水 粉邂逅柔情淡香水EDT 5号淡香水35ml,1,2020-06-14
32188,210,2,小米10 至尊纪念版 双模5G 骁龙865 120HZ高刷新率 120倍长焦镜头 120W快充 12GB+256GB 陶瓷黑 游戏手机,2,2020-06-14
32189,210,28,索芙特i-Softto 口红不掉色唇膏保湿滋润 璀璨金钻哑光唇膏 Z03女王红 性感冷艳 璀璨金钻哑光唇膏 ,3,2020-06-14
32192,245,33,香奈儿（Chanel）女士香水5号香水 粉邂逅柔情淡香水EDT 粉邂逅淡香水35ml,2,2020-06-14
32193,245,26,索芙特i-Softto 口红不掉色唇膏保湿滋润 璀璨金钻哑光唇膏 Y01复古红 百搭气质 璀璨金钻哑光唇膏 ,3,2020-06-14
32194,254,33,香奈儿（Chanel）女士香水5号香水 粉邂逅柔情淡香水EDT 粉邂逅淡香水35ml,3,2020-06-14
32195,254,15,华为 HUAWEI P40 麒麟990 5G SoC芯片 5000万超感知徕卡三摄 30倍数字变焦 8GB+128GB冰霜银全网通5G手机,1,2020-06-14
32196,254,26,索芙特i-Softto 口红不掉色唇膏保湿滋润 璀璨金钻哑光唇膏 Y01复古红 百搭气质 璀璨金钻哑光唇膏 ,3,2020-06-14
32197,254,19,TCL 85Q6 85英寸 巨幕私人影院电视 4K超高清 AI智慧屏 全景全面屏 MEMC运动防抖 2+16GB 液晶平板电视机,1,2020-06-14
32198,254,31,CAREMiLLE珂曼奶油小方口红 雾面滋润保湿持久丝缎唇膏 M03赤茶,1,2020-06-14
32199,254,3,小米10 至尊纪念版 双模5G 骁龙865 120HZ高刷新率 120倍长焦镜头 120W快充 8GB+128GB 透明版 游戏手机,1,2020-06-14
32200,254,35,华为智慧屏V65i 65英寸 HEGE-560B 4K全面屏智能电视机 多方视频通话 AI升降摄像头 4GB+32GB 星际黑,3,2020-06-14
32202,255,12,Apple iPhone 12 (A2404) 128GB 黑色 支持移动联通电信5G 双卡双待手机,3,2020-06-14
32203,255,8,Apple iPhone 12 (A2404) 64GB 黑色 支持移动联通电信5G 双卡双待手机,2,2020-06-14
32204,255,7,Redmi 10X 4G Helio G85游戏芯 4800万超清四摄 5020mAh大电量 小孔全面屏 128GB大存储 8GB+128GB 明月灰 游戏智能手机 小米 红米,1,2020-06-14
32207,256,10,Apple iPhone 12 (A2404) 64GB 蓝色 支持移动联通电信5G 双卡双待手机,2,2020-06-14
32208,256,1,小米10 至尊纪念版 双模5G 骁龙865 120HZ高刷新率 120倍长焦镜头 120W快充 8GB+128GB 陶瓷黑 游戏手机,3,2020-06-14
32209,256,13,华为 HUAWEI P40 麒麟990 5G SoC芯片 5000万超感知徕卡三摄 30倍数字变焦 6GB+128GB亮黑色全网通5G手机,1,2020-06-14
32210,256,17,TCL 65Q10 65英寸 QLED原色量子点电视 安桥音响 AI声控智慧屏 超薄全面屏 MEMC防抖 3+32GB 平板电视,1,2020-06-14
32211,256,26,索芙特i-Softto 口红不掉色唇膏保湿滋润 璀璨金钻哑光唇膏 Y01复古红 百搭气质 璀璨金钻哑光唇膏 ,1,2020-06-14
32212,265,6,Redmi 10X 4G Helio G85游戏芯 4800万超清四摄 5020mAh大电量 小孔全面屏 128GB大存储 8GB+128GB 冰雾白 游戏智能手机 小米 红米,3,2020-06-14
32213,266,4,Redmi 10X 4G Helio G85游戏芯 4800万超清四摄 5020mAh大电量 小孔全面屏 128GB大存储 4GB+128GB 冰雾白 游戏智能手机 小米 红米,1,2020-06-14
32214,269,33,香奈儿（Chanel）女士香水5号香水 粉邂逅柔情淡香水EDT 粉邂逅淡香水35ml,1,2020-06-14
32215,269,35,华为智慧屏V65i 65英寸 HEGE-560B 4K全面屏智能电视机 多方视频通话 AI升降摄像头 4GB+32GB 星际黑,2,2020-06-14
32216,269,25,金沙河面条 银丝挂面900g*3包 爽滑 细面条 龙须面 速食面,2,2020-06-14
32217,269,12,Apple iPhone 12 (A2404) 128GB 黑色 支持移动联通电信5G 双卡双待手机,2,2020-06-14
32218,277,13,华为 HUAWEI P40 麒麟990 5G SoC芯片 5000万超感知徕卡三摄 30倍数字变焦 6GB+128GB亮黑色全网通5G手机,1,2020-06-14
32219,277,3,小米10 至尊纪念版 双模5G 骁龙865 120HZ高刷新率 120倍长焦镜头 120W快充 8GB+128GB 透明版 游戏手机,2,2020-06-14
32220,277,25,金沙河面条 银丝挂面900g*3包 爽滑 细面条 龙须面 速食面,3,2020-06-14
32221,277,21,小米电视4A 70英寸 4K超高清 HDR 二级能效 2GB+16GB L70M5-4A 内置小爱 智能网络液晶平板教育电视,3,2020-06-14
32222,277,26,索芙特i-Softto 口红不掉色唇膏保湿滋润 璀璨金钻哑光唇膏 Y01复古红 百搭气质 璀璨金钻哑光唇膏 ,1,2020-06-14
32223,277,5,Redmi 10X 4G Helio G85游戏芯 4800万超清四摄 5020mAh大电量 小孔全面屏 128GB大存储 4GB+128GB 明月灰 游戏智能手机 小米 红米,2,2020-06-14
32224,277,19,TCL 85Q6 85英寸 巨幕私人影院电视 4K超高清 AI智慧屏 全景全面屏 MEMC运动防抖 2+16GB 液晶平板电视机,1,2020-06-14
32225,281,5,Redmi 10X 4G Helio G85游戏芯 4800万超清四摄 5020mAh大电量 小孔全面屏 128GB大存储 4GB+128GB 明月灰 游戏智能手机 小米 红米,3,2020-06-14
32226,281,14,华为 HUAWEI P40 麒麟990 5G SoC芯片 5000万超感知徕卡三摄 30倍数字变焦 6GB+128GB冰霜银全网通5G手机,1,2020-06-14
32227,281,23,十月稻田 辽河长粒香 东北大米 5kg,3,2020-06-14
32228,284,31,CAREMiLLE珂曼奶油小方口红 雾面滋润保湿持久丝缎唇膏 M03赤茶,2,2020-06-14
32229,284,9,Apple iPhone 12 (A2404) 64GB 红色 支持移动联通电信5G 双卡双待手机,3,2020-06-14
32230,284,19,TCL 85Q6 85英寸 巨幕私人影院电视 4K超高清 AI智慧屏 全景全面屏 MEMC运动防抖 2+16GB 液晶平板电视机,1,2020-06-14
32231,284,22,十月稻田 长粒香大米 东北大米 东北香米 5kg,2,2020-06-14
32232,299,5,Redmi 10X 4G Helio G85游戏芯 4800万超清四摄 5020mAh大电量 小孔全面屏 128GB大存储 4GB+128GB 明月灰 游戏智能手机 小米 红米,2,2020-06-14
32233,299,21,小米电视4A 70英寸 4K超高清 HDR 二级能效 2GB+16GB L70M5-4A 内置小爱 智能网络液晶平板教育电视,3,2020-06-14
32234,299,27,索芙特i-Softto 口红不掉色唇膏保湿滋润 璀璨金钻哑光唇膏 Z02少女红 活力青春 璀璨金钻哑光唇膏 ,2,2020-06-14
32235,299,35,华为智慧屏V65i 65英寸 HEGE-560B 4K全面屏智能电视机 多方视频通话 AI升降摄像头 4GB+32GB 星际黑,1,2020-06-14
32236,299,6,Redmi 10X 4G Helio G85游戏芯 4800万超清四摄 5020mAh大电量 小孔全面屏 128GB大存储 8GB+128GB 冰雾白 游戏智能手机 小米 红米,2,2020-06-14
32237,299,16,华为 HUAWEI P40 麒麟990 5G SoC芯片 5000万超感知徕卡三摄 30倍数字变焦 8GB+128GB亮黑色全网通5G手机,1,2020-06-14
32238,337,5,Redmi 10X 4G Helio G85游戏芯 4800万超清四摄 5020mAh大电量 小孔全面屏 128GB大存储 4GB+128GB 明月灰 游戏智能手机 小米 红米,2,2020-06-14
32239,337,24,金沙河面条 原味银丝挂面 龙须面 方便速食拉面 清汤面 900g,1,2020-06-14
32240,337,20,小米电视E65X 65英寸 全面屏 4K超高清HDR 蓝牙遥控内置小爱 2+8GB AI人工智能液晶网络平板电视 L65M5-EA,2,2020-06-14
32241,342,29,CAREMiLLE珂曼奶油小方口红 雾面滋润保湿持久丝缎唇膏 M01醉蔷薇,3,2020-06-14
32242,342,17,TCL 65Q10 65英寸 QLED原色量子点电视 安桥音响 AI声控智慧屏 超薄全面屏 MEMC防抖 3+32GB 平板电视,3,2020-06-14
32243,342,34,华为智慧屏V55i-J 55英寸 HEGE-550B 4K全面屏智能电视机 多方视频通话 AI升降摄像头 银钻灰 京品家电,1,2020-06-14
32244,342,27,索芙特i-Softto 口红不掉色唇膏保湿滋润 璀璨金钻哑光唇膏 Z02少女红 活力青春 璀璨金钻哑光唇膏 ,1,2020-06-14
32245,342,12,Apple iPhone 12 (A2404) 128GB 黑色 支持移动联通电信5G 双卡双待手机,2,2020-06-14
32246,342,10,Apple iPhone 12 (A2404) 64GB 蓝色 支持移动联通电信5G 双卡双待手机,2,2020-06-14
32247,342,21,小米电视4A 70英寸 4K超高清 HDR 二级能效 2GB+16GB L70M5-4A 内置小爱 智能网络液晶平板教育电视,3,2020-06-14
32248,345,32,香奈儿（Chanel）女士香水5号香水 粉邂逅柔情淡香水EDT 5号淡香水35ml,3,2020-06-14
32250,369,17,TCL 65Q10 65英寸 QLED原色量子点电视 安桥音响 AI声控智慧屏 超薄全面屏 MEMC防抖 3+32GB 平板电视,3,2020-06-14
32253,369,3,小米10 至尊纪念版 双模5G 骁龙865 120HZ高刷新率 120倍长焦镜头 120W快充 8GB+128GB 透明版 游戏手机,2,2020-06-14
32254,375,35,华为智慧屏V65i 65英寸 HEGE-560B 4K全面屏智能电视机 多方视频通话 AI升降摄像头 4GB+32GB 星际黑,1,2020-06-14
32256,379,21,小米电视4A 70英寸 4K超高清 HDR 二级能效 2GB+16GB L70M5-4A 内置小爱 智能网络液晶平板教育电视,3,2020-06-14
32258,379,34,华为智慧屏V55i-J 55英寸 HEGE-550B 4K全面屏智能电视机 多方视频通话 AI升降摄像头 银钻灰 京品家电,1,2020-06-14
32259,379,22,十月稻田 长粒香大米 东北大米 东北香米 5kg,1,2020-06-14
32260,383,24,金沙河面条 原味银丝挂面 龙须面 方便速食拉面 清汤面 900g,1,2020-06-14
32261,383,9,Apple iPhone 12 (A2404) 64GB 红色 支持移动联通电信5G 双卡双待手机,3,2020-06-14
32262,383,14,华为 HUAWEI P40 麒麟990 5G SoC芯片 5000万超感知徕卡三摄 30倍数字变焦 6GB+128GB冰霜银全网通5G手机,3,2020-06-14
32263,383,25,金沙河面条 银丝挂面900g*3包 爽滑 细面条 龙须面 速食面,2,2020-06-14
32264,383,12,Apple iPhone 12 (A2404) 128GB 黑色 支持移动联通电信5G 双卡双待手机,3,2020-06-14
32265,383,29,CAREMiLLE珂曼奶油小方口红 雾面滋润保湿持久丝缎唇膏 M01醉蔷薇,2,2020-06-14
32266,388,22,十月稻田 长粒香大米 东北大米 东北香米 5kg,3,2020-06-14
32267,388,33,香奈儿（Chanel）女士香水5号香水 粉邂逅柔情淡香水EDT 粉邂逅淡香水35ml,1,2020-06-14
32268,388,32,香奈儿（Chanel）女士香水5号香水 粉邂逅柔情淡香水EDT 5号淡香水35ml,1,2020-06-14
32269,390,32,香奈儿（Chanel）女士香水5号香水 粉邂逅柔情淡香水EDT 5号淡香水35ml,2,2020-06-14
32273,392,26,索芙特i-Softto 口红不掉色唇膏保湿滋润 璀璨金钻哑光唇膏 Y01复古红 百搭气质 璀璨金钻哑光唇膏 ,3,2020-06-14
32274,406,30,CAREMiLLE珂曼奶油小方口红 雾面滋润保湿持久丝缎唇膏 M02干玫瑰,2,2020-06-14
32275,406,16,华为 HUAWEI P40 麒麟990 5G SoC芯片 5000万超感知徕卡三摄 30倍数字变焦 8GB+128GB亮黑色全网通5G手机,1,2020-06-14
32276,406,28,索芙特i-Softto 口红不掉色唇膏保湿滋润 璀璨金钻哑光唇膏 Z03女王红 性感冷艳 璀璨金钻哑光唇膏 ,2,2020-06-14
32277,406,10,Apple iPhone 12 (A2404) 64GB 蓝色 支持移动联通电信5G 双卡双待手机,2,2020-06-14
32278,408,26,索芙特i-Softto 口红不掉色唇膏保湿滋润 璀璨金钻哑光唇膏 Y01复古红 百搭气质 璀璨金钻哑光唇膏 ,3,2020-06-14
32279,426,34,华为智慧屏V55i-J 55英寸 HEGE-550B 4K全面屏智能电视机 多方视频通话 AI升降摄像头 银钻灰 京品家电,3,2020-06-14
32280,426,1,小米10 至尊纪念版 双模5G 骁龙865 120HZ高刷新率 120倍长焦镜头 120W快充 8GB+128GB 陶瓷黑 游戏手机,1,2020-06-14
32281,426,18,TCL 75Q10 75英寸 QLED原色量子点电视 安桥音响 AI声控智慧屏 超薄全面屏 MEMC防抖 3+32GB 平板电视,3,2020-06-14
32282,426,26,索芙特i-Softto 口红不掉色唇膏保湿滋润 璀璨金钻哑光唇膏 Y01复古红 百搭气质 璀璨金钻哑光唇膏 ,1,2020-06-14
32283,426,21,小米电视4A 70英寸 4K超高清 HDR 二级能效 2GB+16GB L70M5-4A 内置小爱 智能网络液晶平板教育电视,3,2020-06-14
32284,426,5,Redmi 10X 4G Helio G85游戏芯 4800万超清四摄 5020mAh大电量 小孔全面屏 128GB大存储 4GB+128GB 明月灰 游戏智能手机 小米 红米,2,2020-06-14
32285,437,15,华为 HUAWEI P40 麒麟990 5G SoC芯片 5000万超感知徕卡三摄 30倍数字变焦 8GB+128GB冰霜银全网通5G手机,1,2020-06-14
32286,465,34,华为智慧屏V55i-J 55英寸 HEGE-550B 4K全面屏智能电视机 多方视频通话 AI升降摄像头 银钻灰 京品家电,3,2020-06-14
32287,465,8,Apple iPhone 12 (A2404) 64GB 黑色 支持移动联通电信5G 双卡双待手机,2,2020-06-14
32288,465,22,十月稻田 长粒香大米 东北大米 东北香米 5kg,3,2020-06-14
32292,469,27,索芙特i-Softto 口红不掉色唇膏保湿滋润 璀璨金钻哑光唇膏 Z02少女红 活力青春 璀璨金钻哑光唇膏 ,3,2020-06-14
32293,471,14,华为 HUAWEI P40 麒麟990 5G SoC芯片 5000万超感知徕卡三摄 30倍数字变焦 6GB+128GB冰霜银全网通5G手机,2,2020-06-14
32294,472,15,华为 HUAWEI P40 麒麟990 5G SoC芯片 5000万超感知徕卡三摄 30倍数字变焦 8GB+128GB冰霜银全网通5G手机,1,2020-06-14
32295,472,8,Apple iPhone 12 (A2404) 64GB 黑色 支持移动联通电信5G 双卡双待手机,3,2020-06-14
32296,472,24,金沙河面条 原味银丝挂面 龙须面 方便速食拉面 清汤面 900g,3,2020-06-14
32297,484,26,索芙特i-Softto 口红不掉色唇膏保湿滋润 璀璨金钻哑光唇膏 Y01复古红 百搭气质 璀璨金钻哑光唇膏 ,2,2020-06-14
32298,484,5,Redmi 10X 4G Helio G85游戏芯 4800万超清四摄 5020mAh大电量 小孔全面屏 128GB大存储 4GB+128GB 明月灰 游戏智能手机 小米 红米,3,2020-06-14
32299,484,8,Apple iPhone 12 (A2404) 64GB 黑色 支持移动联通电信5G 双卡双待手机,1,2020-06-14
32300,485,30,CAREMiLLE珂曼奶油小方口红 雾面滋润保湿持久丝缎唇膏 M02干玫瑰,2,2020-06-14
32301,485,27,索芙特i-Softto 口红不掉色唇膏保湿滋润 璀璨金钻哑光唇膏 Z02少女红 活力青春 璀璨金钻哑光唇膏 ,2,2020-06-14
32302,485,7,Redmi 10X 4G Helio G85游戏芯 4800万超清四摄 5020mAh大电量 小孔全面屏 128GB大存储 8GB+128GB 明月灰 游戏智能手机 小米 红米,2,2020-06-14
32304,491,27,索芙特i-Softto 口红不掉色唇膏保湿滋润 璀璨金钻哑光唇膏 Z02少女红 活力青春 璀璨金钻哑光唇膏 ,1,2020-06-14
32306,491,16,华为 HUAWEI P40 麒麟990 5G SoC芯片 5000万超感知徕卡三摄 30倍数字变焦 8GB+128GB亮黑色全网通5G手机,3,2020-06-14
32307,501,29,CAREMiLLE珂曼奶油小方口红 雾面滋润保湿持久丝缎唇膏 M01醉蔷薇,3,2020-06-14
32308,501,8,Apple iPhone 12 (A2404) 64GB 黑色 支持移动联通电信5G 双卡双待手机,1,2020-06-14
32312,502,11,Apple iPhone 12 (A2404) 64GB 白色 支持移动联通电信5G 双卡双待手机,2,2020-06-14
32313,502,1,小米10 至尊纪念版 双模5G 骁龙865 120HZ高刷新率 120倍长焦镜头 120W快充 8GB+128GB 陶瓷黑 游戏手机,2,2020-06-14
32314,502,9,Apple iPhone 12 (A2404) 64GB 红色 支持移动联通电信5G 双卡双待手机,1,2020-06-14
32315,502,20,小米电视E65X 65英寸 全面屏 4K超高清HDR 蓝牙遥控内置小爱 2+8GB AI人工智能液晶网络平板电视 L65M5-EA,2,2020-06-14
32316,502,8,Apple iPhone 12 (A2404) 64GB 黑色 支持移动联通电信5G 双卡双待手机,3,2020-06-14
32317,513,31,CAREMiLLE珂曼奶油小方口红 雾面滋润保湿持久丝缎唇膏 M03赤茶,1,2020-06-14
32318,513,12,Apple iPhone 12 (A2404) 128GB 黑色 支持移动联通电信5G 双卡双待手机,2,2020-06-14
32319,513,21,小米电视4A 70英寸 4K超高清 HDR 二级能效 2GB+16GB L70M5-4A 内置小爱 智能网络液晶平板教育电视,2,2020-06-14
32320,513,7,Redmi 10X 4G Helio G85游戏芯 4800万超清四摄 5020mAh大电量 小孔全面屏 128GB大存储 8GB+128GB 明月灰 游戏智能手机 小米 红米,2,2020-06-14
32321,513,26,索芙特i-Softto 口红不掉色唇膏保湿滋润 璀璨金钻哑光唇膏 Y01复古红 百搭气质 璀璨金钻哑光唇膏 ,2,2020-06-14
32322,513,34,华为智慧屏V55i-J 55英寸 HEGE-550B 4K全面屏智能电视机 多方视频通话 AI升降摄像头 银钻灰 京品家电,2,2020-06-14
32323,547,14,华为 HUAWEI P40 麒麟990 5G SoC芯片 5000万超感知徕卡三摄 30倍数字变焦 6GB+128GB冰霜银全网通5G手机,3,2020-06-14
32324,547,26,索芙特i-Softto 口红不掉色唇膏保湿滋润 璀璨金钻哑光唇膏 Y01复古红 百搭气质 璀璨金钻哑光唇膏 ,1,2020-06-14
32325,547,21,小米电视4A 70英寸 4K超高清 HDR 二级能效 2GB+16GB L70M5-4A 内置小爱 智能网络液晶平板教育电视,2,2020-06-14
32326,547,7,Redmi 10X 4G Helio G85游戏芯 4800万超清四摄 5020mAh大电量 小孔全面屏 128GB大存储 8GB+128GB 明月灰 游戏智能手机 小米 红米,1,2020-06-14
32327,547,16,华为 HUAWEI P40 麒麟990 5G SoC芯片 5000万超感知徕卡三摄 30倍数字变焦 8GB+128GB亮黑色全网通5G手机,1,2020-06-14
32328,547,17,TCL 65Q10 65英寸 QLED原色量子点电视 安桥音响 AI声控智慧屏 超薄全面屏 MEMC防抖 3+32GB 平板电视,3,2020-06-14
32329,547,3,小米10 至尊纪念版 双模5G 骁龙865 120HZ高刷新率 120倍长焦镜头 120W快充 8GB+128GB 透明版 游戏手机,3,2020-06-14
32331,549,25,金沙河面条 银丝挂面900g*3包 爽滑 细面条 龙须面 速食面,2,2020-06-14
32332,549,29,CAREMiLLE珂曼奶油小方口红 雾面滋润保湿持久丝缎唇膏 M01醉蔷薇,1,2020-06-14
32340,555,22,十月稻田 长粒香大米 东北大米 东北香米 5kg,3,2020-06-14
32342,555,34,华为智慧屏V55i-J 55英寸 HEGE-550B 4K全面屏智能电视机 多方视频通话 AI升降摄像头 银钻灰 京品家电,1,2020-06-14
32344,564,27,索芙特i-Softto 口红不掉色唇膏保湿滋润 璀璨金钻哑光唇膏 Z02少女红 活力青春 璀璨金钻哑光唇膏 ,3,2020-06-14
32350,564,22,十月稻田 长粒香大米 东北大米 东北香米 5kg,2,2020-06-14
32351,565,32,香奈儿（Chanel）女士香水5号香水 粉邂逅柔情淡香水EDT 5号淡香水35ml,1,2020-06-14
32352,565,5,Redmi 10X 4G Helio G85游戏芯 4800万超清四摄 5020mAh大电量 小孔全面屏 128GB大存储 4GB+128GB 明月灰 游戏智能手机 小米 红米,1,2020-06-14
32353,567,16,华为 HUAWEI P40 麒麟990 5G SoC芯片 5000万超感知徕卡三摄 30倍数字变焦 8GB+128GB亮黑色全网通5G手机,1,2020-06-14
32354,567,26,索芙特i-Softto 口红不掉色唇膏保湿滋润 璀璨金钻哑光唇膏 Y01复古红 百搭气质 璀璨金钻哑光唇膏 ,2,2020-06-14
32355,567,19,TCL 85Q6 85英寸 巨幕私人影院电视 4K超高清 AI智慧屏 全景全面屏 MEMC运动防抖 2+16GB 液晶平板电视机,3,2020-06-14
32356,567,22,十月稻田 长粒香大米 东北大米 东北香米 5kg,1,2020-06-14
32357,567,24,金沙河面条 原味银丝挂面 龙须面 方便速食拉面 清汤面 900g,1,2020-06-14
32358,567,31,CAREMiLLE珂曼奶油小方口红 雾面滋润保湿持久丝缎唇膏 M03赤茶,2,2020-06-14
32359,567,2,小米10 至尊纪念版 双模5G 骁龙865 120HZ高刷新率 120倍长焦镜头 120W快充 12GB+256GB 陶瓷黑 游戏手机,2,2020-06-14
32360,583,35,华为智慧屏V65i 65英寸 HEGE-560B 4K全面屏智能电视机 多方视频通话 AI升降摄像头 4GB+32GB 星际黑,2,2020-06-14
32361,583,16,华为 HUAWEI P40 麒麟990 5G SoC芯片 5000万超感知徕卡三摄 30倍数字变焦 8GB+128GB亮黑色全网通5G手机,1,2020-06-14
32362,583,4,Redmi 10X 4G Helio G85游戏芯 4800万超清四摄 5020mAh大电量 小孔全面屏 128GB大存储 4GB+128GB 冰雾白 游戏智能手机 小米 红米,1,2020-06-14
32363,583,20,小米电视E65X 65英寸 全面屏 4K超高清HDR 蓝牙遥控内置小爱 2+8GB AI人工智能液晶网络平板电视 L65M5-EA,2,2020-06-14
32365,635,6,Redmi 10X 4G Helio G85游戏芯 4800万超清四摄 5020mAh大电量 小孔全面屏 128GB大存储 8GB+128GB 冰雾白 游戏智能手机 小米 红米,2,2020-06-14
32367,635,25,金沙河面条 银丝挂面900g*3包 爽滑 细面条 龙须面 速食面,2,2020-06-14
32372,657,23,十月稻田 辽河长粒香 东北大米 5kg,1,2020-06-14
32373,657,18,TCL 75Q10 75英寸 QLED原色量子点电视 安桥音响 AI声控智慧屏 超薄全面屏 MEMC防抖 3+32GB 平板电视,3,2020-06-14
32374,657,31,CAREMiLLE珂曼奶油小方口红 雾面滋润保湿持久丝缎唇膏 M03赤茶,1,2020-06-14
32375,657,35,华为智慧屏V65i 65英寸 HEGE-560B 4K全面屏智能电视机 多方视频通话 AI升降摄像头 4GB+32GB 星际黑,2,2020-06-14
32376,657,22,十月稻田 长粒香大米 东北大米 东北香米 5kg,1,2020-06-14
32379,662,7,Redmi 10X 4G Helio G85游戏芯 4800万超清四摄 5020mAh大电量 小孔全面屏 128GB大存储 8GB+128GB 明月灰 游戏智能手机 小米 红米,2,2020-06-14
32380,662,4,Redmi 10X 4G Helio G85游戏芯 4800万超清四摄 5020mAh大电量 小孔全面屏 128GB大存储 4GB+128GB 冰雾白 游戏智能手机 小米 红米,1,2020-06-14
32383,662,29,CAREMiLLE珂曼奶油小方口红 雾面滋润保湿持久丝缎唇膏 M01醉蔷薇,2,2020-06-14
32385,671,18,TCL 75Q10 75英寸 QLED原色量子点电视 安桥音响 AI声控智慧屏 超薄全面屏 MEMC防抖 3+32GB 平板电视,3,2020-06-14
32386,671,27,索芙特i-Softto 口红不掉色唇膏保湿滋润 璀璨金钻哑光唇膏 Z02少女红 活力青春 璀璨金钻哑光唇膏 ,1,2020-06-14
32387,671,33,香奈儿（Chanel）女士香水5号香水 粉邂逅柔情淡香水EDT 粉邂逅淡香水35ml,3,2020-06-14
32388,671,35,华为智慧屏V65i 65英寸 HEGE-560B 4K全面屏智能电视机 多方视频通话 AI升降摄像头 4GB+32GB 星际黑,1,2020-06-14
32389,671,24,金沙河面条 原味银丝挂面 龙须面 方便速食拉面 清汤面 900g,2,2020-06-14
32390,680,12,Apple iPhone 12 (A2404) 128GB 黑色 支持移动联通电信5G 双卡双待手机,3,2020-06-14
32391,680,31,CAREMiLLE珂曼奶油小方口红 雾面滋润保湿持久丝缎唇膏 M03赤茶,3,2020-06-14
32392,694,23,十月稻田 辽河长粒香 东北大米 5kg,2,2020-06-14
32393,694,33,香奈儿（Chanel）女士香水5号香水 粉邂逅柔情淡香水EDT 粉邂逅淡香水35ml,2,2020-06-14
32395,701,4,Redmi 10X 4G Helio G85游戏芯 4800万超清四摄 5020mAh大电量 小孔全面屏 128GB大存储 4GB+128GB 冰雾白 游戏智能手机 小米 红米,3,2020-06-14
32396,701,16,华为 HUAWEI P40 麒麟990 5G SoC芯片 5000万超感知徕卡三摄 30倍数字变焦 8GB+128GB亮黑色全网通5G手机,3,2020-06-14
32398,706,4,Redmi 10X 4G Helio G85游戏芯 4800万超清四摄 5020mAh大电量 小孔全面屏 128GB大存储 4GB+128GB 冰雾白 游戏智能手机 小米 红米,2,2020-06-14
32402,706,1,小米10 至尊纪念版 双模5G 骁龙865 120HZ高刷新率 120倍长焦镜头 120W快充 8GB+128GB 陶瓷黑 游戏手机,1,2020-06-14
32403,710,32,香奈儿（Chanel）女士香水5号香水 粉邂逅柔情淡香水EDT 5号淡香水35ml,2,2020-06-14
32404,733,27,索芙特i-Softto 口红不掉色唇膏保湿滋润 璀璨金钻哑光唇膏 Z02少女红 活力青春 璀璨金钻哑光唇膏 ,3,2020-06-14
32405,733,32,香奈儿（Chanel）女士香水5号香水 粉邂逅柔情淡香水EDT 5号淡香水35ml,3,2020-06-14
32408,733,31,CAREMiLLE珂曼奶油小方口红 雾面滋润保湿持久丝缎唇膏 M03赤茶,2,2020-06-14
32409,733,12,Apple iPhone 12 (A2404) 128GB 黑色 支持移动联通电信5G 双卡双待手机,3,2020-06-14
32410,733,6,Redmi 10X 4G Helio G85游戏芯 4800万超清四摄 5020mAh大电量 小孔全面屏 128GB大存储 8GB+128GB 冰雾白 游戏智能手机 小米 红米,2,2020-06-14
32411,746,25,金沙河面条 银丝挂面900g*3包 爽滑 细面条 龙须面 速食面,2,2020-06-14
32412,755,20,小米电视E65X 65英寸 全面屏 4K超高清HDR 蓝牙遥控内置小爱 2+8GB AI人工智能液晶网络平板电视 L65M5-EA,3,2020-06-14
32413,755,4,Redmi 10X 4G Helio G85游戏芯 4800万超清四摄 5020mAh大电量 小孔全面屏 128GB大存储 4GB+128GB 冰雾白 游戏智能手机 小米 红米,3,2020-06-14
32414,755,34,华为智慧屏V55i-J 55英寸 HEGE-550B 4K全面屏智能电视机 多方视频通话 AI升降摄像头 银钻灰 京品家电,1,2020-06-14
32415,755,9,Apple iPhone 12 (A2404) 64GB 红色 支持移动联通电信5G 双卡双待手机,1,2020-06-14
32416,755,24,金沙河面条 原味银丝挂面 龙须面 方便速食拉面 清汤面 900g,3,2020-06-14
32418,757,19,TCL 85Q6 85英寸 巨幕私人影院电视 4K超高清 AI智慧屏 全景全面屏 MEMC运动防抖 2+16GB 液晶平板电视机,2,2020-06-14
32420,757,20,小米电视E65X 65英寸 全面屏 4K超高清HDR 蓝牙遥控内置小爱 2+8GB AI人工智能液晶网络平板电视 L65M5-EA,3,2020-06-14
32421,779,18,TCL 75Q10 75英寸 QLED原色量子点电视 安桥音响 AI声控智慧屏 超薄全面屏 MEMC防抖 3+32GB 平板电视,3,2020-06-14
32422,779,13,华为 HUAWEI P40 麒麟990 5G SoC芯片 5000万超感知徕卡三摄 30倍数字变焦 6GB+128GB亮黑色全网通5G手机,3,2020-06-14
32423,779,17,TCL 65Q10 65英寸 QLED原色量子点电视 安桥音响 AI声控智慧屏 超薄全面屏 MEMC防抖 3+32GB 平板电视,1,2020-06-14
32424,779,14,华为 HUAWEI P40 麒麟990 5G SoC芯片 5000万超感知徕卡三摄 30倍数字变焦 6GB+128GB冰霜银全网通5G手机,1,2020-06-14
32425,779,12,Apple iPhone 12 (A2404) 128GB 黑色 支持移动联通电信5G 双卡双待手机,1,2020-06-14
32426,779,4,Redmi 10X 4G Helio G85游戏芯 4800万超清四摄 5020mAh大电量 小孔全面屏 128GB大存储 4GB+128GB 冰雾白 游戏智能手机 小米 红米,1,2020-06-14
32427,779,6,Redmi 10X 4G Helio G85游戏芯 4800万超清四摄 5020mAh大电量 小孔全面屏 128GB大存储 8GB+128GB 冰雾白 游戏智能手机 小米 红米,1,2020-06-14
32428,779,15,华为 HUAWEI P40 麒麟990 5G SoC芯片 5000万超感知徕卡三摄 30倍数字变焦 8GB+128GB冰霜银全网通5G手机,1,2020-06-14
32429,785,26,索芙特i-Softto 口红不掉色唇膏保湿滋润 璀璨金钻哑光唇膏 Y01复古红 百搭气质 璀璨金钻哑光唇膏 ,2,2020-06-14
32430,785,24,金沙河面条 原味银丝挂面 龙须面 方便速食拉面 清汤面 900g,2,2020-06-14
32431,785,21,小米电视4A 70英寸 4K超高清 HDR 二级能效 2GB+16GB L70M5-4A 内置小爱 智能网络液晶平板教育电视,3,2020-06-14
32432,785,18,TCL 75Q10 75英寸 QLED原色量子点电视 安桥音响 AI声控智慧屏 超薄全面屏 MEMC防抖 3+32GB 平板电视,3,2020-06-14
32433,785,33,香奈儿（Chanel）女士香水5号香水 粉邂逅柔情淡香水EDT 粉邂逅淡香水35ml,3,2020-06-14
32434,785,31,CAREMiLLE珂曼奶油小方口红 雾面滋润保湿持久丝缎唇膏 M03赤茶,1,2020-06-14
32435,785,15,华为 HUAWEI P40 麒麟990 5G SoC芯片 5000万超感知徕卡三摄 30倍数字变焦 8GB+128GB冰霜银全网通5G手机,2,2020-06-14
32436,789,22,十月稻田 长粒香大米 东北大米 东北香米 5kg,3,2020-06-14
32437,789,9,Apple iPhone 12 (A2404) 64GB 红色 支持移动联通电信5G 双卡双待手机,2,2020-06-14
32438,830,7,Redmi 10X 4G Helio G85游戏芯 4800万超清四摄 5020mAh大电量 小孔全面屏 128GB大存储 8GB+128GB 明月灰 游戏智能手机 小米 红米,1,2020-06-14
32439,830,11,Apple iPhone 12 (A2404) 64GB 白色 支持移动联通电信5G 双卡双待手机,2,2020-06-14
32440,830,16,华为 HUAWEI P40 麒麟990 5G SoC芯片 5000万超感知徕卡三摄 30倍数字变焦 8GB+128GB亮黑色全网通5G手机,1,2020-06-14
32441,830,23,十月稻田 辽河长粒香 东北大米 5kg,1,2020-06-14
32442,830,20,小米电视E65X 65英寸 全面屏 4K超高清HDR 蓝牙遥控内置小爱 2+8GB AI人工智能液晶网络平板电视 L65M5-EA,2,2020-06-14
32443,839,2,小米10 至尊纪念版 双模5G 骁龙865 120HZ高刷新率 120倍长焦镜头 120W快充 12GB+256GB 陶瓷黑 游戏手机,1,2020-06-14
32444,839,19,TCL 85Q6 85英寸 巨幕私人影院电视 4K超高清 AI智慧屏 全景全面屏 MEMC运动防抖 2+16GB 液晶平板电视机,3,2020-06-14
32445,839,10,Apple iPhone 12 (A2404) 64GB 蓝色 支持移动联通电信5G 双卡双待手机,1,2020-06-14
32446,840,10,Apple iPhone 12 (A2404) 64GB 蓝色 支持移动联通电信5G 双卡双待手机,2,2020-06-14
32447,840,34,华为智慧屏V55i-J 55英寸 HEGE-550B 4K全面屏智能电视机 多方视频通话 AI升降摄像头 银钻灰 京品家电,1,2020-06-14
32448,840,7,Redmi 10X 4G Helio G85游戏芯 4800万超清四摄 5020mAh大电量 小孔全面屏 128GB大存储 8GB+128GB 明月灰 游戏智能手机 小米 红米,2,2020-06-14
32449,840,17,TCL 65Q10 65英寸 QLED原色量子点电视 安桥音响 AI声控智慧屏 超薄全面屏 MEMC防抖 3+32GB 平板电视,1,2020-06-14
32450,840,3,小米10 至尊纪念版 双模5G 骁龙865 120HZ高刷新率 120倍长焦镜头 120W快充 8GB+128GB 透明版 游戏手机,2,2020-06-14
32451,840,4,Redmi 10X 4G Helio G85游戏芯 4800万超清四摄 5020mAh大电量 小孔全面屏 128GB大存储 4GB+128GB 冰雾白 游戏智能手机 小米 红米,1,2020-06-14
32452,841,8,Apple iPhone 12 (A2404) 64GB 黑色 支持移动联通电信5G 双卡双待手机,1,2020-06-14
32453,841,11,Apple iPhone 12 (A2404) 64GB 白色 支持移动联通电信5G 双卡双待手机,1,2020-06-14
32454,841,19,TCL 85Q6 85英寸 巨幕私人影院电视 4K超高清 AI智慧屏 全景全面屏 MEMC运动防抖 2+16GB 液晶平板电视机,1,2020-06-14
32455,841,20,小米电视E65X 65英寸 全面屏 4K超高清HDR 蓝牙遥控内置小爱 2+8GB AI人工智能液晶网络平板电视 L65M5-EA,3,2020-06-14
32456,841,34,华为智慧屏V55i-J 55英寸 HEGE-550B 4K全面屏智能电视机 多方视频通话 AI升降摄像头 银钻灰 京品家电,2,2020-06-14
32457,860,15,华为 HUAWEI P40 麒麟990 5G SoC芯片 5000万超感知徕卡三摄 30倍数字变焦 8GB+128GB冰霜银全网通5G手机,2,2020-06-14
32458,860,7,Redmi 10X 4G Helio G85游戏芯 4800万超清四摄 5020mAh大电量 小孔全面屏 128GB大存储 8GB+128GB 明月灰 游戏智能手机 小米 红米,2,2020-06-14
32459,860,14,华为 HUAWEI P40 麒麟990 5G SoC芯片 5000万超感知徕卡三摄 30倍数字变焦 6GB+128GB冰霜银全网通5G手机,3,2020-06-14
32460,860,24,金沙河面条 原味银丝挂面 龙须面 方便速食拉面 清汤面 900g,1,2020-06-14
32461,860,10,Apple iPhone 12 (A2404) 64GB 蓝色 支持移动联通电信5G 双卡双待手机,2,2020-06-14
32462,860,8,Apple iPhone 12 (A2404) 64GB 黑色 支持移动联通电信5G 双卡双待手机,2,2020-06-14
32463,866,10,Apple iPhone 12 (A2404) 64GB 蓝色 支持移动联通电信5G 双卡双待手机,3,2020-06-14
32464,877,21,小米电视4A 70英寸 4K超高清 HDR 二级能效 2GB+16GB L70M5-4A 内置小爱 智能网络液晶平板教育电视,3,2020-06-14
32465,877,35,华为智慧屏V65i 65英寸 HEGE-560B 4K全面屏智能电视机 多方视频通话 AI升降摄像头 4GB+32GB 星际黑,2,2020-06-14
32466,877,25,金沙河面条 银丝挂面900g*3包 爽滑 细面条 龙须面 速食面,1,2020-06-14
32467,889,25,金沙河面条 银丝挂面900g*3包 爽滑 细面条 龙须面 速食面,1,2020-06-14
32468,889,8,Apple iPhone 12 (A2404) 64GB 黑色 支持移动联通电信5G 双卡双待手机,2,2020-06-14
32469,889,5,Redmi 10X 4G Helio G85游戏芯 4800万超清四摄 5020mAh大电量 小孔全面屏 128GB大存储 4GB+128GB 明月灰 游戏智能手机 小米 红米,2,2020-06-14
32470,889,10,Apple iPhone 12 (A2404) 64GB 蓝色 支持移动联通电信5G 双卡双待手机,2,2020-06-14
32471,893,1,小米10 至尊纪念版 双模5G 骁龙865 120HZ高刷新率 120倍长焦镜头 120W快充 8GB+128GB 陶瓷黑 游戏手机,3,2020-06-14
32473,927,3,小米10 至尊纪念版 双模5G 骁龙865 120HZ高刷新率 120倍长焦镜头 120W快充 8GB+128GB 透明版 游戏手机,3,2020-06-14
32474,927,1,小米10 至尊纪念版 双模5G 骁龙865 120HZ高刷新率 120倍长焦镜头 120W快充 8GB+128GB 陶瓷黑 游戏手机,3,2020-06-14
32475,927,25,金沙河面条 银丝挂面900g*3包 爽滑 细面条 龙须面 速食面,1,2020-06-14
32478,927,13,华为 HUAWEI P40 麒麟990 5G SoC芯片 5000万超感知徕卡三摄 30倍数字变焦 6GB+128GB亮黑色全网通5G手机,1,2020-06-14
32479,934,2,小米10 至尊纪念版 双模5G 骁龙865 120HZ高刷新率 120倍长焦镜头 120W快充 12GB+256GB 陶瓷黑 游戏手机,2,2020-06-14
32480,934,30,CAREMiLLE珂曼奶油小方口红 雾面滋润保湿持久丝缎唇膏 M02干玫瑰,3,2020-06-14
32481,934,28,索芙特i-Softto 口红不掉色唇膏保湿滋润 璀璨金钻哑光唇膏 Z03女王红 性感冷艳 璀璨金钻哑光唇膏 ,1,2020-06-14
32482,938,35,华为智慧屏V65i 65英寸 HEGE-560B 4K全面屏智能电视机 多方视频通话 AI升降摄像头 4GB+32GB 星际黑,1,2020-06-14
32483,938,18,TCL 75Q10 75英寸 QLED原色量子点电视 安桥音响 AI声控智慧屏 超薄全面屏 MEMC防抖 3+32GB 平板电视,3,2020-06-14
32484,938,4,Redmi 10X 4G Helio G85游戏芯 4800万超清四摄 5020mAh大电量 小孔全面屏 128GB大存储 4GB+128GB 冰雾白 游戏智能手机 小米 红米,2,2020-06-14
32485,938,27,索芙特i-Softto 口红不掉色唇膏保湿滋润 璀璨金钻哑光唇膏 Z02少女红 活力青春 璀璨金钻哑光唇膏 ,3,2020-06-14
32486,938,28,索芙特i-Softto 口红不掉色唇膏保湿滋润 璀璨金钻哑光唇膏 Z03女王红 性感冷艳 璀璨金钻哑光唇膏 ,3,2020-06-14
32487,970,20,小米电视E65X 65英寸 全面屏 4K超高清HDR 蓝牙遥控内置小爱 2+8GB AI人工智能液晶网络平板电视 L65M5-EA,3,2020-06-14
32488,970,14,华为 HUAWEI P40 麒麟990 5G SoC芯片 5000万超感知徕卡三摄 30倍数字变焦 6GB+128GB冰霜银全网通5G手机,1,2020-06-14
32489,981,9,Apple iPhone 12 (A2404) 64GB 红色 支持移动联通电信5G 双卡双待手机,1,2020-06-14
32490,981,12,Apple iPhone 12 (A2404) 128GB 黑色 支持移动联通电信5G 双卡双待手机,2,2020-06-14
32491,981,10,Apple iPhone 12 (A2404) 64GB 蓝色 支持移动联通电信5G 双卡双待手机,3,2020-06-14
32492,981,31,CAREMiLLE珂曼奶油小方口红 雾面滋润保湿持久丝缎唇膏 M03赤茶,3,2020-06-14
32493,981,25,金沙河面条 银丝挂面900g*3包 爽滑 细面条 龙须面 速食面,2,2020-06-14
32494,981,32,香奈儿（Chanel）女士香水5号香水 粉邂逅柔情淡香水EDT 5号淡香水35ml,2,2020-06-14
32495,981,13,华为 HUAWEI P40 麒麟990 5G SoC芯片 5000万超感知徕卡三摄 30倍数字变焦 6GB+128GB亮黑色全网通5G手机,2,2020-06-14
32496,985,10,Apple iPhone 12 (A2404) 64GB 蓝色 支持移动联通电信5G 双卡双待手机,1,2020-06-14
32497,985,3,小米10 至尊纪念版 双模5G 骁龙865 120HZ高刷新率 120倍长焦镜头 120W快充 8GB+128GB 透明版 游戏手机,2,2020-06-14
32498,985,11,Apple iPhone 12 (A2404) 64GB 白色 支持移动联通电信5G 双卡双待手机,3,2020-06-14
32499,985,18,TCL 75Q10 75英寸 QLED原色量子点电视 安桥音响 AI声控智慧屏 超薄全面屏 MEMC防抖 3+32GB 平板电视,1,2020-06-14
32500,995,2,小米10 至尊纪念版 双模5G 骁龙865 120HZ高刷新率 120倍长焦镜头 120W快充 12GB+256GB 陶瓷黑 游戏手机,1,2020-06-14
32501,995,4,Redmi 10X 4G Helio G85游戏芯 4800万超清四摄 5020mAh大电量 小孔全面屏 128GB大存储 4GB+128GB 冰雾白 游戏智能手机 小米 红米,1,2020-06-14
32502,995,31,CAREMiLLE珂曼奶油小方口红 雾面滋润保湿持久丝缎唇膏 M03赤茶,3,2020-06-14
32503,995,17,TCL 65Q10 65英寸 QLED原色量子点电视 安桥音响 AI声控智慧屏 超薄全面屏 MEMC防抖 3+32GB 平板电视,3,2020-06-14
32504,1009,16,华为 HUAWEI P40 麒麟990 5G SoC芯片 5000万超感知徕卡三摄 30倍数字变焦 8GB+128GB亮黑色全网通5G手机,3,2020-06-14
32505,1009,22,十月稻田 长粒香大米 东北大米 东北香米 5kg,3,2020-06-14
32506,1009,31,CAREMiLLE珂曼奶油小方口红 雾面滋润保湿持久丝缎唇膏 M03赤茶,2,2020-06-14
32507,1009,8,Apple iPhone 12 (A2404) 64GB 黑色 支持移动联通电信5G 双卡双待手机,3,2020-06-14
32508,1013,17,TCL 65Q10 65英寸 QLED原色量子点电视 安桥音响 AI声控智慧屏 超薄全面屏 MEMC防抖 3+32GB 平板电视,3,2020-06-14
32512,1013,31,CAREMiLLE珂曼奶油小方口红 雾面滋润保湿持久丝缎唇膏 M03赤茶,1,2020-06-14
32513,1013,16,华为 HUAWEI P40 麒麟990 5G SoC芯片 5000万超感知徕卡三摄 30倍数字变焦 8GB+128GB亮黑色全网通5G手机,1,2020-06-14
32515,1013,2,小米10 至尊纪念版 双模5G 骁龙865 120HZ高刷新率 120倍长焦镜头 120W快充 12GB+256GB 陶瓷黑 游戏手机,1,2020-06-14
32516,1023,9,Apple iPhone 12 (A2404) 64GB 红色 支持移动联通电信5G 双卡双待手机,2,2020-06-14
32517,1023,18,TCL 75Q10 75英寸 QLED原色量子点电视 安桥音响 AI声控智慧屏 超薄全面屏 MEMC防抖 3+32GB 平板电视,3,2020-06-14
32520,1060,11,Apple iPhone 12 (A2404) 64GB 白色 支持移动联通电信5G 双卡双待手机,2,2020-06-14
32521,1079,18,TCL 75Q10 75英寸 QLED原色量子点电视 安桥音响 AI声控智慧屏 超薄全面屏 MEMC防抖 3+32GB 平板电视,3,2020-06-14
32522,1079,15,华为 HUAWEI P40 麒麟990 5G SoC芯片 5000万超感知徕卡三摄 30倍数字变焦 8GB+128GB冰霜银全网通5G手机,2,2020-06-14
32523,1081,3,小米10 至尊纪念版 双模5G 骁龙865 120HZ高刷新率 120倍长焦镜头 120W快充 8GB+128GB 透明版 游戏手机,3,2020-06-14
32524,1081,5,Redmi 10X 4G Helio G85游戏芯 4800万超清四摄 5020mAh大电量 小孔全面屏 128GB大存储 4GB+128GB 明月灰 游戏智能手机 小米 红米,3,2020-06-14
32525,1081,4,Redmi 10X 4G Helio G85游戏芯 4800万超清四摄 5020mAh大电量 小孔全面屏 128GB大存储 4GB+128GB 冰雾白 游戏智能手机 小米 红米,2,2020-06-14
32526,1081,33,香奈儿（Chanel）女士香水5号香水 粉邂逅柔情淡香水EDT 粉邂逅淡香水35ml,3,2020-06-14
32527,1081,19,TCL 85Q6 85英寸 巨幕私人影院电视 4K超高清 AI智慧屏 全景全面屏 MEMC运动防抖 2+16GB 液晶平板电视机,3,2020-06-14
32528,1081,31,CAREMiLLE珂曼奶油小方口红 雾面滋润保湿持久丝缎唇膏 M03赤茶,3,2020-06-14
32529,1101,34,华为智慧屏V55i-J 55英寸 HEGE-550B 4K全面屏智能电视机 多方视频通话 AI升降摄像头 银钻灰 京品家电,3,2020-06-14
32530,1116,6,Redmi 10X 4G Helio G85游戏芯 4800万超清四摄 5020mAh大电量 小孔全面屏 128GB大存储 8GB+128GB 冰雾白 游戏智能手机 小米 红米,2,2020-06-14
32534,1118,12,Apple iPhone 12 (A2404) 128GB 黑色 支持移动联通电信5G 双卡双待手机,3,2020-06-14
32535,1118,14,华为 HUAWEI P40 麒麟990 5G SoC芯片 5000万超感知徕卡三摄 30倍数字变焦 6GB+128GB冰霜银全网通5G手机,2,2020-06-14
32536,1147,17,TCL 65Q10 65英寸 QLED原色量子点电视 安桥音响 AI声控智慧屏 超薄全面屏 MEMC防抖 3+32GB 平板电视,1,2020-06-14
32537,1147,28,索芙特i-Softto 口红不掉色唇膏保湿滋润 璀璨金钻哑光唇膏 Z03女王红 性感冷艳 璀璨金钻哑光唇膏 ,2,2020-06-14
32538,1147,15,华为 HUAWEI P40 麒麟990 5G SoC芯片 5000万超感知徕卡三摄 30倍数字变焦 8GB+128GB冰霜银全网通5G手机,3,2020-06-14
32539,1147,26,索芙特i-Softto 口红不掉色唇膏保湿滋润 璀璨金钻哑光唇膏 Y01复古红 百搭气质 璀璨金钻哑光唇膏 ,3,2020-06-14
32540,1147,29,CAREMiLLE珂曼奶油小方口红 雾面滋润保湿持久丝缎唇膏 M01醉蔷薇,3,2020-06-14
32541,1147,34,华为智慧屏V55i-J 55英寸 HEGE-550B 4K全面屏智能电视机 多方视频通话 AI升降摄像头 银钻灰 京品家电,1,2020-06-14
32542,1147,20,小米电视E65X 65英寸 全面屏 4K超高清HDR 蓝牙遥控内置小爱 2+8GB AI人工智能液晶网络平板电视 L65M5-EA,3,2020-06-14
32544,1148,17,TCL 65Q10 65英寸 QLED原色量子点电视 安桥音响 AI声控智慧屏 超薄全面屏 MEMC防抖 3+32GB 平板电视,2,2020-06-14
32545,1148,27,索芙特i-Softto 口红不掉色唇膏保湿滋润 璀璨金钻哑光唇膏 Z02少女红 活力青春 璀璨金钻哑光唇膏 ,2,2020-06-14
32546,1148,31,CAREMiLLE珂曼奶油小方口红 雾面滋润保湿持久丝缎唇膏 M03赤茶,1,2020-06-14
32547,1148,32,香奈儿（Chanel）女士香水5号香水 粉邂逅柔情淡香水EDT 5号淡香水35ml,2,2020-06-14
32548,1148,7,Redmi 10X 4G Helio G85游戏芯 4800万超清四摄 5020mAh大电量 小孔全面屏 128GB大存储 8GB+128GB 明月灰 游戏智能手机 小米 红米,2,2020-06-14
32549,1153,26,索芙特i-Softto 口红不掉色唇膏保湿滋润 璀璨金钻哑光唇膏 Y01复古红 百搭气质 璀璨金钻哑光唇膏 ,2,2020-06-14
32550,1153,1,小米10 至尊纪念版 双模5G 骁龙865 120HZ高刷新率 120倍长焦镜头 120W快充 8GB+128GB 陶瓷黑 游戏手机,3,2020-06-14
32551,1162,18,TCL 75Q10 75英寸 QLED原色量子点电视 安桥音响 AI声控智慧屏 超薄全面屏 MEMC防抖 3+32GB 平板电视,3,2020-06-14
32552,1162,34,华为智慧屏V55i-J 55英寸 HEGE-550B 4K全面屏智能电视机 多方视频通话 AI升降摄像头 银钻灰 京品家电,2,2020-06-14
32553,1162,32,香奈儿（Chanel）女士香水5号香水 粉邂逅柔情淡香水EDT 5号淡香水35ml,1,2020-06-14
32554,1162,3,小米10 至尊纪念版 双模5G 骁龙865 120HZ高刷新率 120倍长焦镜头 120W快充 8GB+128GB 透明版 游戏手机,2,2020-06-14
32555,1162,12,Apple iPhone 12 (A2404) 128GB 黑色 支持移动联通电信5G 双卡双待手机,2,2020-06-14
32556,1162,1,小米10 至尊纪念版 双模5G 骁龙865 120HZ高刷新率 120倍长焦镜头 120W快充 8GB+128GB 陶瓷黑 游戏手机,2,2020-06-14
32557,1164,34,华为智慧屏V55i-J 55英寸 HEGE-550B 4K全面屏智能电视机 多方视频通话 AI升降摄像头 银钻灰 京品家电,2,2020-06-14
32558,1164,33,香奈儿（Chanel）女士香水5号香水 粉邂逅柔情淡香水EDT 粉邂逅淡香水35ml,2,2020-06-14
32559,1164,35,华为智慧屏V65i 65英寸 HEGE-560B 4K全面屏智能电视机 多方视频通话 AI升降摄像头 4GB+32GB 星际黑,1,2020-06-14
32560,1164,16,华为 HUAWEI P40 麒麟990 5G SoC芯片 5000万超感知徕卡三摄 30倍数字变焦 8GB+128GB亮黑色全网通5G手机,1,2020-06-14
32561,1164,22,十月稻田 长粒香大米 东北大米 东北香米 5kg,2,2020-06-14
